Unnamed: 0,name,date_x,Date,region_x,clouds,text_description,pressure,humidity,temp,rain_1h,snow_1h,wind_deg,wind_speed,date_y,region_y,globalhorizontalirradiance,directnormalirradiance,diffusehorizontalirradiance,globalhorizontalirradiance_2,directnormalirradiance_2,diffusehorizontalirradiance_2,RenewableGeneration_Hydro
120,Venice,2021-04-27 15:00:08,2021-04-22 13:00:00,nord,75,broken clouds,1009,67,15.47,0,0,90,4.12,27/04/2021 13:00:00 PM,nord,209.57,1.8,208.11,838.27,899.65,116.78,2.54
121,Valle d'Aosta,2021-04-27 15:00:10,2021-04-22 13:00:00,nord,97,overcast clouds,1006,48,11.93,0,0,100,7.2,27/04/2021 13:00:00 PM,nord,217.78,3.09,215.23,867.03,922.51,112.28,2.54
122,Province of Turin,2021-04-27 15:00:11,2021-04-22 13:00:00,nord,75,broken clouds,1009,76,12.21,0,0,30,2.06,27/04/2021 13:00:00 PM,nord,217.35,2.73,215.08,869.39,916.28,115.0,2.54
123,Bologna,2021-04-27 15:00:12,2021-04-22 13:00:00,nord,75,light rain,1009,82,13.52,0.13,0,60,2.57,27/04/2021 13:00:00 PM,nord,213.31,2.01,211.66,853.22,904.64,117.13,2.54
124,Trento,2021-04-27 15:00:12,2021-04-22 13:00:00,nord,90,fog,1008,81,2.89,0,0,200,3.09,27/04/2021 13:00:00 PM,nord,210.85,2.56,208.78,843.42,909.7,113.7,2.54
125,Provincia di Genova,2021-04-27 15:00:15,2021-04-22 13:00:00,nord,100,overcast clouds,1007,79,13.93,0,0,51,3.58,27/04/2021 13:00:00 PM,nord,216.61,2.42,214.6,866.45,911.83,116.29,2.54
126,Milan,2021-04-27 14:58:06,2021-04-22 13:00:00,nord,75,broken clouds,1009,72,14.33,0,0,40,1.54,27/04/2021 13:00:00 PM,nord,213.34,2.0,211.69,853.35,904.6,117.16,2.54
127,Trieste,2021-04-27 15:00:15,2021-04-22 13:00:00,nord,75,broken clouds,1008,67,13.68,0,0,40,5.66,27/04/2021 13:00:00 PM,nord,209.69,1.96,208.12,829.93,899.49,115.55,2.54
128,Provincia di Perugia,2021-04-27 15:00:16,2021-04-22 13:00:00,centro_nord,90,moderate rain,1007,94,12.34,0,0,360,4.12,27/04/2021 13:00:00 PM,centro_nord,234.71,2.88,232.32,862.77,909.36,116.71,2.54
129,Florence,2021-04-27 15:00:17,2021-04-22 13:00:00,centro_nord,75,broken clouds,1006,63,15.85,0,0,70,5.14,27/04/2021 13:00:00 PM,centro_nord,215.41,2.15,213.63,861.65,907.72,117.2,2.54
130,Provincia di Ancona,2021-04-27 15:00:17,2021-04-22 13:00:00,centro_nord,75,broken clouds,1008,82,12.3,0,0,350,4.12,27/04/2021 13:00:00 PM,centro_nord,213.38,2.05,211.69,853.53,905.23,116.94,2.54
131,Provincia di Campobasso,2021-04-27 15:00:18,2021-04-22 13:00:00,centro_sud,71,broken clouds,1003,73,14.19,0,0,189,4.47,27/04/2021 13:00:00 PM,centro_sud,859.61,851.46,152.97,865.94,912.7,115.88,2.54
132,Rome,2021-04-27 15:00:15,2021-04-22 13:00:00,centro_sud,75,light rain,1005,72,20.03,0.19,0,210,5.66,27/04/2021 13:00:00 PM,centro_sud,858.29,849.03,147.0,872.13,909.22,118.19,2.54
133,L'Aquila,2021-04-27 15:00:18,2021-04-22 13:00:00,centro_sud,92,light rain,1006,59,18.3,0.62,0,190,2.68,27/04/2021 13:00:00 PM,centro_sud,838.12,728.76,233.14,869.26,918.04,114.29,2.54
134,Naples,2021-04-27 15:00:02,2021-04-22 13:00:00,sud,20,few clouds,1007,68,17.62,0,0,190,5.66,27/04/2021 13:00:00 PM,sud,568.12,221.55,382.69,871.18,908.52,118.33,2.54
135,Bari,2021-04-27 15:00:19,2021-04-22 13:00:00,sud,0,clear sky,1006,56,20.97,0,0,160,4.63,27/04/2021 13:00:00 PM,sud,228.5,2.66,226.31,852.93,904.54,117.12,2.54
136,Potenza,2021-04-27 15:00:19,2021-04-22 13:00:00,sud,32,scattered clouds,1009,44,21.67,0,0,271,4.92,27/04/2021 13:00:00 PM,sud,671.86,371.64,362.96,867.58,914.11,115.57,2.54
137,Province of Palermo,2021-04-27 14:59:11,2021-04-22 13:00:00,sicilia,6,clear sky,969,56,21.91,0,0,338,0.89,27/04/2021 13:00:00 PM,sicilia,314.24,31.31,287.31,902.66,920.36,118.23,2.54
138,Sardinia,2021-04-27 15:00:20,2021-04-22 13:00:00,sardegna,100,overcast clouds,1006,73,20.0,0,0,261,4.02,27/04/2021 13:00:00 PM,sardegna,401.06,26.0,378.54,908.65,920.99,118.86,2.54
139,Catanzaro,2021-04-27 15:00:20,2021-04-22 13:00:00,calabria,65,broken clouds,1007,64,19.23,0,0,90,3.6,27/04/2021 13:00:00 PM,calabria,250.63,6.28,245.37,874.32,912.41,117.24,2.54
200,Venice,2021-04-27 15:58:13,2021-04-22 14:00:00,nord,20,few clouds,1009,63,15.65,0,0,100,4.12,27/04/2021 14:00:00 PM,nord,184.52,2.07,183.02,738.09,871.83,111.07,2.53
201,Valle d'Aosta,2021-04-27 16:00:15,2021-04-22 14:00:00,nord,98,overcast clouds,1006,48,12.0,0,0,100,8.23,27/04/2021 14:00:00 PM,nord,256.64,13.06,246.75,783.31,901.08,107.97,2.53
202,Province of Turin,2021-04-27 16:00:15,2021-04-22 14:00:00,nord,75,broken clouds,1008,67,12.46,0,0,40,2.57,27/04/2021 14:00:00 PM,nord,196.24,4.48,192.83,784.97,894.43,110.53,2.53
203,Bologna,2021-04-27 16:00:16,2021-04-22 14:00:00,nord,75,broken clouds,1008,82,13.51,0,0,80,2.06,27/04/2021 14:00:00 PM,nord,188.53,2.58,186.62,754.12,877.75,111.59,2.53
204,Trento,2021-04-27 16:00:16,2021-04-22 14:00:00,nord,90,fog,1008,81,2.62,0,0,190,2.06,27/04/2021 14:00:00 PM,nord,187.02,3.89,184.18,748.08,883.91,108.5,2.53
205,Provincia di Genova,2021-04-27 16:00:16,2021-04-22 14:00:00,nord,100,overcast clouds,1006,79,14.06,0,0,50,5.81,27/04/2021 14:00:00 PM,nord,193.82,3.68,191.03,775.26,887.86,111.36,2.53
206,Milan,2021-04-27 15:56:53,2021-04-22 14:00:00,nord,75,broken clouds,1008,72,14.28,0,0,170,1.54,27/04/2021 14:00:00 PM,nord,190.87,2.74,188.82,763.47,880.39,112.16,2.53
207,Trieste,2021-04-27 16:00:17,2021-04-22 14:00:00,nord,75,broken clouds,1008,62,13.99,0,0,40,4.63,27/04/2021 14:00:00 PM,nord,181.37,2.23,179.78,725.48,870.14,109.59,2.53
208,Provincia di Perugia,2021-04-27 16:00:17,2021-04-22 14:00:00,centro_nord,75,light rain,1006,100,12.36,0,0,30,4.63,27/04/2021 14:00:00 PM,centro_nord,189.32,3.09,187.04,757.3,881.12,110.91,2.53
209,Florence,2021-04-27 16:00:18,2021-04-22 14:00:00,centro_nord,75,broken clouds,1006,59,16.22,0,0,50,3.09,27/04/2021 14:00:00 PM,centro_nord,190.47,2.91,188.3,761.88,881.02,111.68,2.53
210,Provincia di Ancona,2021-04-27 16:00:19,2021-04-22 14:00:00,centro_nord,75,light rain,1008,88,12.05,0,0,360,3.6,27/04/2021 14:00:00 PM,centro_nord,186.74,2.56,184.87,746.98,876.21,110.98,2.53
211,Provincia di Campobasso,2021-04-27 16:00:19,2021-04-22 14:00:00,centro_sud,79,broken clouds,1003,70,15.02,0,0,195,5.81,27/04/2021 14:00:00 PM,centro_sud,471.64,318.12,237.93,750.93,881.96,109.61,2.53
212,Rome,2021-04-27 15:58:28,2021-04-22 14:00:00,centro_sud,75,broken clouds,1005,77,20.03,0,0,170,4.12,27/04/2021 14:00:00 PM,centro_sud,197.49,5.26,193.55,764.84,880.69,112.27,2.53
213,L'Aquila,2021-04-27 16:00:20,2021-04-22 14:00:00,centro_sud,96,overcast clouds,1006,62,17.46,0,0,136,3.58,27/04/2021 14:00:00 PM,centro_sud,318.72,47.53,283.59,759.49,889.19,108.46,2.53
214,Naples,2021-04-27 16:00:13,2021-04-22 14:00:00,sud,40,scattered clouds,1006,82,17.25,0,0,200,7.2,27/04/2021 14:00:00 PM,sud,704.45,695.3,188.37,755.94,877.63,111.93,2.53
215,Bari,2021-04-27 16:00:20,2021-04-22 14:00:00,sud,0,clear sky,1006,60,20.77,0,0,150,5.14,27/04/2021 14:00:00 PM,sud,249.21,29.63,227.87,729.57,870.45,110.15,2.53
216,Potenza,2021-04-27 16:00:21,2021-04-22 14:00:00,sud,29,scattered clouds,1006,58,21.11,0,0,225,2.24,27/04/2021 14:00:00 PM,sud,732.11,783.72,159.41,746.55,881.76,108.99,2.53
217,Province of Palermo,2021-04-27 16:00:22,2021-04-22 14:00:00,sicilia,3,clear sky,1007,53,20.91,0,0,60,4.92,27/04/2021 14:00:00 PM,sicilia,784.25,842.62,141.1,784.28,890.14,111.95,2.53
218,Sardinia,2021-04-27 16:00:22,2021-04-22 14:00:00,sardegna,100,light rain,1006,77,18.33,0.42,0,269,6.26,27/04/2021 14:00:00 PM,sardegna,202.63,1.95,201.1,810.51,896.47,113.69,2.53
219,Catanzaro,2021-04-27 16:00:22,2021-04-22 14:00:00,calabria,77,broken clouds,1007,53,20.29,0,0,240,5.66,27/04/2021 14:00:00 PM,calabria,503.19,423.56,192.82,747.38,878.45,110.27,2.53
280,Venice,2021-04-27 16:57:20,2021-04-22 15:00:00,nord,40,scattered clouds,1008,67,15.65,0,0,120,3.09,27/04/2021 15:00:00 PM,nord,148.71,0.0,148.71,594.85,823.72,101.89,2.56
281,Valle d'Aosta,2021-04-27 17:00:15,2021-04-22 15:00:00,nord,99,overcast clouds,1005,48,13.89,0,0,90,9.26,27/04/2021 15:00:00 PM,nord,190.45,5.1,187.14,653.09,861.92,100.56,2.56
282,Province of Turin,2021-04-27 17:00:15,2021-04-22 15:00:00,nord,75,broken clouds,1008,67,12.54,0,0,30,2.06,27/04/2021 15:00:00 PM,nord,163.4,2.11,162.02,653.6,854.52,102.85,2.56
283,Bologna,2021-04-27 17:00:15,2021-04-22 15:00:00,nord,75,broken clouds,1008,82,13.72,0,0,80,2.57,27/04/2021 15:00:00 PM,nord,152.62,0.03,152.6,610.49,830.83,102.59,2.56
284,Trento,2021-04-27 17:00:16,2021-04-22 15:00:00,nord,90,fog,1008,81,3.16,0,0,210,2.57,27/04/2021 15:00:00 PM,nord,152.28,1.12,151.6,609.14,838.81,100.03,2.56
285,Provincia di Genova,2021-04-27 17:00:11,2021-04-22 15:00:00,nord,100,overcast clouds,1006,76,15.08,0,0,46,2.68,27/04/2021 15:00:00 PM,nord,159.45,1.03,158.79,637.79,844.96,103.08,2.56
286,Milan,2021-04-27 16:59:20,2021-04-22 15:00:00,nord,75,broken clouds,1008,77,14.28,0,0,130,1.54,27/04/2021 15:00:00 PM,nord,157.07,0.01,157.06,628.29,837.2,103.8,2.56
287,Trieste,2021-04-27 16:56:03,2021-04-22 15:00:00,nord,75,broken clouds,1008,67,13.64,0,0,40,5.14,27/04/2021 15:00:00 PM,nord,144.8,0.0,144.8,579.18,819.96,100.16,2.56
288,Provincia di Perugia,2021-04-27 17:00:16,2021-04-22 15:00:00,centro_nord,90,light rain,1006,94,12.58,0.56,0,350,2.57,27/04/2021 15:00:00 PM,centro_nord,151.75,0.08,151.7,606.98,832.16,101.58,2.56
289,Florence,2021-04-27 16:59:56,2021-04-22 15:00:00,centro_nord,40,scattered clouds,1006,59,16.06,0,0,50,4.12,27/04/2021 15:00:00 PM,centro_nord,154.21,0.02,154.2,616.86,834.24,102.69,2.56
290,Provincia di Ancona,2021-04-27 17:00:17,2021-04-22 15:00:00,centro_nord,75,broken clouds,1008,88,12.24,0,0,0,1.03,27/04/2021 15:00:00 PM,centro_nord,149.12,0.0,149.12,596.5,826.19,101.47,2.56
291,Provincia di Campobasso,2021-04-27 17:00:17,2021-04-22 15:00:00,centro_sud,85,overcast clouds,1005,72,16.36,0,0,220,2.26,27/04/2021 15:00:00 PM,centro_sud,319.91,194.14,203.39,591.62,829.29,99.72,2.56
292,Rome,2021-04-27 16:58:00,2021-04-22 15:00:00,centro_sud,75,broken clouds,1005,72,19.02,0,0,210,5.66,27/04/2021 15:00:00 PM,centro_sud,156.67,0.96,156.07,611.84,831.12,102.74,2.56
293,L'Aquila,2021-04-27 17:00:18,2021-04-22 15:00:00,centro_sud,91,overcast clouds,1006,60,17.81,0,0,146,4.02,27/04/2021 15:00:00 PM,centro_sud,207.01,8.43,201.88,604.87,839.39,99.15,2.56
294,Naples,2021-04-27 16:58:54,2021-04-22 15:00:00,sud,75,broken clouds,1006,88,17.13,0,0,210,5.14,27/04/2021 15:00:00 PM,sud,559.88,692.42,139.45,595.7,824.59,101.79,2.56
295,Bari,2021-04-27 16:58:33,2021-04-22 15:00:00,sud,0,clear sky,1006,60,20.8,0,0,150,4.63,27/04/2021 15:00:00 PM,sud,378.15,233.6,242.82,563.66,812.8,99.35,2.56
296,Potenza,2021-04-27 17:00:18,2021-04-22 15:00:00,sud,33,scattered clouds,1009,47,20.56,0,0,258,3.58,27/04/2021 15:00:00 PM,sud,572.36,777.38,112.34,581.56,826.63,98.71,2.56
297,Province of Palermo,2021-04-27 16:54:50,2021-04-22 15:00:00,sicilia,2,clear sky,968,62,20.03,0,0,118,1.79,27/04/2021 15:00:00 PM,sicilia,618.12,824.79,103.43,618.12,837.7,101.89,2.56
298,Sardinia,2021-04-27 17:00:19,2021-04-22 15:00:00,sardegna,93,overcast clouds,1004,79,18.33,0,0,256,4.92,27/04/2021 15:00:00 PM,sardegna,165.61,1.37,164.71,662.45,852.24,105.01,2.56
299,Catanzaro,2021-04-27 17:00:19,2021-04-22 15:00:00,calabria,74,broken clouds,1007,68,19.69,0,0,250,5.14,27/04/2021 15:00:00 PM,calabria,351.46,275.78,189.03,576.13,820.66,99.41,2.56
360,Venice,2021-04-27 17:56:03,2021-04-22 16:00:00,nord,40,scattered clouds,1008,63,15.18,0,0,120,3.6,27/04/2021 16:00:00 PM,nord,105.48,0.0,105.48,421.91,745.31,88.52,2.63
361,Valle d'Aosta,2021-04-27 18:00:16,2021-04-22 16:00:00,nord,98,overcast clouds,1005,48,11.85,0,0,90,9.77,27/04/2021 16:00:00 PM,nord,138.57,2.18,137.46,488.11,797.48,89.54,2.63
362,Province of Turin,2021-04-27 18:00:16,2021-04-22 16:00:00,nord,75,broken clouds,1008,67,12.52,0,0,20,1.54,27/04/2021 16:00:00 PM,nord,121.8,0.0,121.8,487.19,788.82,91.39,2.63
363,Bologna,2021-04-27 18:00:17,2021-04-22 16:00:00,nord,75,light rain,1008,77,13.51,0.13,0,80,3.6,27/04/2021 16:00:00 PM,nord,108.92,0.0,108.92,435.69,754.08,89.4,2.63
364,Trento,2021-04-27 17:59:53,2021-04-22 16:00:00,nord,90,fog,1008,75,2.89,0,0,190,3.6,27/04/2021 16:00:00 PM,nord,109.84,0.0,109.84,439.35,765.2,87.64,2.63
365,Provincia di Genova,2021-04-27 18:00:18,2021-04-22 16:00:00,nord,40,scattered clouds,1007,87,14.22,0,0,358,1.97,27/04/2021 16:00:00 PM,nord,116.67,0.0,116.67,466.66,774.54,90.85,2.63
366,Milan,2021-04-27 17:57:33,2021-04-22 16:00:00,nord,75,broken clouds,1008,77,13.93,0,0,170,2.06,27/04/2021 16:00:00 PM,nord,115.06,0.0,115.06,460.24,766.58,91.46,2.63
367,Trieste,2021-04-27 18:00:18,2021-04-22 16:00:00,nord,75,light rain,1008,67,13.26,0.6,0,30,5.14,27/04/2021 16:00:00 PM,nord,101.19,0.0,101.19,404.77,738.21,86.47,2.63
368,Provincia di Perugia,2021-04-27 18:00:18,2021-04-22 16:00:00,centro_nord,75,moderate rain,1006,100,12.13,0.27,0,20,1.54,27/04/2021 16:00:00 PM,centro_nord,109.04,0.0,109.04,425.9,751.72,87.92,2.63
369,Florence,2021-04-27 18:00:03,2021-04-22 16:00:00,centro_nord,75,broken clouds,1006,63,15.38,0,0,40,3.09,27/04/2021 16:00:00 PM,centro_nord,110.02,0.0,110.02,440.08,757.57,89.5,2.63
370,Provincia di Ancona,2021-04-27 18:00:19,2021-04-22 16:00:00,centro_nord,75,broken clouds,1008,88,12.22,0,0,350,1.54,27/04/2021 16:00:00 PM,centro_nord,104.06,0.0,104.06,416.23,744.17,87.58,2.63
371,Provincia di Campobasso,2021-04-27 18:00:19,2021-04-22 16:00:00,centro_sud,89,overcast clouds,1003,75,15.72,0,0,223,1.79,27/04/2021 16:00:00 PM,centro_sud,199.11,130.27,142.36,403.1,742.21,85.27,2.63
372,Rome,2021-04-27 17:57:55,2021-04-22 16:00:00,centro_sud,75,broken clouds,1005,72,18.38,0,0,210,5.14,27/04/2021 16:00:00 PM,centro_sud,108.66,0.14,108.59,427.52,749.47,88.75,2.63
373,L'Aquila,2021-04-27 18:00:20,2021-04-22 16:00:00,centro_sud,88,light rain,1009,87,14.04,0.6,0,340,2.06,27/04/2021 16:00:00 PM,centro_sud,181.42,48.3,159.65,419.85,757.19,85.52,2.63
374,Naples,2021-04-27 17:58:24,2021-04-22 16:00:00,sud,75,broken clouds,1006,82,17.0,0,0,220,4.12,27/04/2021 16:00:00 PM,sud,336.74,417.34,152.36,405.71,736.87,86.96,2.63
375,Bari,2021-04-27 18:00:20,2021-04-22 16:00:00,sud,0,clear sky,1006,64,19.66,0,0,160,4.63,27/04/2021 16:00:00 PM,sud,217.66,130.2,164.15,371.24,717.12,83.63,2.63
376,Potenza,2021-04-27 18:00:21,2021-04-22 16:00:00,sud,25,scattered clouds,1006,71,17.77,0,0,203,2.24,27/04/2021 16:00:00 PM,sud,378.28,679.57,90.6,388.37,734.95,83.7,2.63
377,Province of Palermo,2021-04-27 18:00:21,2021-04-22 16:00:00,sicilia,17,few clouds,1007,59,19.07,0,0,90,3.58,27/04/2021 16:00:00 PM,sicilia,419.98,742.53,83.99,419.99,750.1,87.06,2.63
378,Sardinia,2021-04-27 18:00:22,2021-04-22 16:00:00,sardegna,72,broken clouds,1005,74,18.89,0,0,259,4.02,27/04/2021 16:00:00 PM,sardegna,195.9,14.68,188.5,478.16,778.81,92.07,2.63
379,Catanzaro,2021-04-27 18:00:22,2021-04-22 16:00:00,calabria,57,broken clouds,1007,77,19.24,0,0,250,3.6,27/04/2021 16:00:00 PM,calabria,253.32,263.19,143.95,377.13,723.94,83.54,2.63
440,Venice,2021-04-27 18:57:07,2021-04-22 17:00:00,nord,40,scattered clouds,1008,67,14.11,0,0,120,3.6,27/04/2021 17:00:00 PM,nord,59.33,0.0,59.33,237.31,612.23,69.31,2.81
441,Valle d'Aosta,2021-04-27 19:00:16,2021-04-22 17:00:00,nord,98,overcast clouds,999,66,9.3,0,0,90,1.79,27/04/2021 17:00:00 PM,nord,88.7,3.12,87.62,304.41,690.12,73.71,2.81
442,Province of Turin,2021-04-27 19:00:16,2021-04-22 17:00:00,nord,75,broken clouds,1007,67,12.05,0,0,40,2.06,27/04/2021 17:00:00 PM,nord,75.53,0.0,75.53,302.14,679.41,74.95,2.81
443,Bologna,2021-04-27 18:59:59,2021-04-22 17:00:00,nord,75,broken clouds,1008,88,12.43,0,0,80,3.09,27/04/2021 17:00:00 PM,nord,61.96,0.0,61.96,247.83,623.69,70.4,2.81
444,Trento,2021-04-27 19:00:17,2021-04-22 17:00:00,nord,20,few clouds,1008,80,2.11,0,0,210,3.09,27/04/2021 17:00:00 PM,nord,63.98,0.0,63.98,255.93,641.04,69.86,2.81
445,Provincia di Genova,2021-04-27 19:00:17,2021-04-22 17:00:00,nord,100,overcast clouds,1006,76,14.13,0,0,15,2.24,27/04/2021 17:00:00 PM,nord,69.77,0.0,69.77,279.08,656.2,73.25,2.81
446,Milan,2021-04-27 18:58:46,2021-04-22 17:00:00,nord,40,scattered clouds,1008,67,14.51,0,0,150,2.57,27/04/2021 17:00:00 PM,nord,69.07,0.0,69.07,276.27,648.67,73.78,2.81
447,Trieste,2021-04-27 19:00:17,2021-04-22 17:00:00,nord,75,broken clouds,1008,67,13.09,0,0,30,4.63,27/04/2021 17:00:00 PM,nord,55.16,0.0,55.16,220.65,598.11,66.77,2.81
448,Provincia di Perugia,2021-04-27 19:00:18,2021-04-22 17:00:00,centro_nord,75,broken clouds,1006,100,12.05,0,0,330,1.54,27/04/2021 17:00:00 PM,centro_nord,62.22,0.0,62.22,233.11,612.66,68.1,2.81
449,Florence,2021-04-27 18:58:17,2021-04-22 17:00:00,centro_nord,75,broken clouds,1006,67,14.85,0,0,60,2.06,27/04/2021 17:00:00 PM,centro_nord,62.46,0.0,62.46,249.85,626.82,70.45,2.81
450,Provincia di Ancona,2021-04-27 19:00:18,2021-04-22 17:00:00,centro_nord,75,broken clouds,1008,88,11.86,0,0,0,1.03,27/04/2021 17:00:00 PM,centro_nord,56.33,0.0,56.33,225.3,602.43,67.45,2.81
451,Provincia di Campobasso,2021-04-27 19:00:18,2021-04-22 17:00:00,centro_sud,91,overcast clouds,1004,76,15.06,0,0,202,0.96,27/04/2021 17:00:00 PM,centro_sud,93.57,74.83,74.68,205.86,587.58,64.06,2.81
452,Rome,2021-04-27 18:59:55,2021-04-22 17:00:00,centro_sud,40,scattered clouds,1005,82,17.46,0,0,220,3.6,27/04/2021 17:00:00 PM,centro_sud,58.62,0.0,58.62,231.47,607.67,68.38,2.81
453,L'Aquila,2021-04-27 19:00:19,2021-04-22 17:00:00,centro_sud,89,overcast clouds,1007,72,14.59,0,0,134,2.68,27/04/2021 17:00:00 PM,centro_sud,107.18,81.88,84.94,223.99,612.97,65.62,2.81
454,Naples,2021-04-27 19:00:08,2021-04-22 17:00:00,sud,75,broken clouds,1006,82,16.71,0,0,200,2.57,27/04/2021 17:00:00 PM,sud,152.62,233.89,92.42,206.8,581.3,65.18,2.81
455,Bari,2021-04-27 19:00:19,2021-04-22 17:00:00,sud,0,clear sky,1005,68,19.03,0,0,170,3.6,27/04/2021 17:00:00 PM,sud,118.56,187.35,76.18,174.26,543.29,60.34,2.81
456,Potenza,2021-04-27 19:00:19,2021-04-22 17:00:00,sud,28,scattered clouds,1006,75,16.3,0,0,203,1.79,27/04/2021 17:00:00 PM,sud,186.55,546.51,56.93,188.5,568.94,61.47,2.81
457,Province of Palermo,2021-04-27 19:00:20,2021-04-22 17:00:00,sicilia,30,scattered clouds,1008,64,17.96,0,0,95,2.24,27/04/2021 17:00:00 PM,sicilia,211.04,585.91,58.36,211.64,592.26,65.06,2.81
458,Sardinia,2021-04-27 19:00:20,2021-04-22 17:00:00,sardegna,62,broken clouds,1005,78,17.78,0,0,272,4.47,27/04/2021 17:00:00 PM,sardegna,208.7,268.42,122.09,276.59,652.74,73.2,2.81
459,Catanzaro,2021-04-27 19:00:20,2021-04-22 17:00:00,calabria,46,scattered clouds,1006,82,17.88,0,0,210,4.12,27/04/2021 17:00:00 PM,calabria,149.17,362.5,68.08,173.3,545.42,59.78,2.81
520,Venice,2021-04-27 19:56:26,2021-04-22 18:00:00,nord,0,clear sky,1008,67,13.95,0,0,90,4.12,27/04/2021 18:00:00 PM,nord,17.62,0.0,17.62,67.57,343.63,39.27,3.65
521,Valle d'Aosta,2021-04-27 20:00:13,2021-04-22 18:00:00,nord,98,overcast clouds,1000,69,8.31,0,0,68,1.79,27/04/2021 18:00:00 PM,nord,36.4,2.73,35.93,123.97,487.48,49.97,3.65
522,Province of Turin,2021-04-27 20:00:13,2021-04-22 18:00:00,nord,75,broken clouds,1007,67,11.57,0,0,30,1.54,27/04/2021 18:00:00 PM,nord,30.24,0.0,30.24,120.96,473.01,50.25,3.65
523,Bologna,2021-04-27 20:00:14,2021-04-22 18:00:00,nord,75,broken clouds,1008,82,12.43,0,0,110,3.6,27/04/2021 18:00:00 PM,nord,18.35,0.0,18.35,73.42,360.82,40.72,3.65
524,Trento,2021-04-27 20:00:14,2021-04-22 18:00:00,nord,20,few clouds,1007,80,4.84,0,0,200,5.14,27/04/2021 18:00:00 PM,nord,20.86,0.0,20.86,83.42,395.29,42.46,3.65
525,Provincia di Genova,2021-04-27 20:00:15,2021-04-22 18:00:00,nord,40,scattered clouds,1007,81,13.32,0,0,359,2.31,27/04/2021 18:00:00 PM,nord,25.2,0.0,25.2,99.31,426.34,46.38,3.65
526,Milan,2021-04-27 20:00:00,2021-04-22 18:00:00,nord,40,scattered clouds,1008,67,13.99,0,0,110,2.06,27/04/2021 18:00:00 PM,nord,25.03,0.0,25.03,100.12,422.96,47.0,3.65
527,Trieste,2021-04-27 20:00:15,2021-04-22 18:00:00,nord,40,scattered clouds,1008,71,11.85,0,0,30,5.66,27/04/2021 18:00:00 PM,nord,13.68,0.0,13.68,54.71,307.11,35.42,3.65
528,Provincia di Perugia,2021-04-27 20:00:15,2021-04-22 18:00:00,centro_nord,90,overcast clouds,1006,100,12.14,0,0,20,1.54,27/04/2021 18:00:00 PM,centro_nord,17.85,0.4,17.81,57.73,318.43,36.22,3.65
529,Florence,2021-04-27 20:00:16,2021-04-22 18:00:00,centro_nord,40,scattered clouds,1006,67,14.44,0,0,0,1.03,27/04/2021 18:00:00 PM,centro_nord,18.28,0.0,18.28,73.11,361.17,40.56,3.65
530,Provincia di Ancona,2021-04-27 20:00:16,2021-04-22 18:00:00,centro_nord,90,overcast clouds,1007,88,11.66,0,0,0,1.03,27/04/2021 18:00:00 PM,centro_nord,13.29,0.0,13.29,53.18,301.67,34.97,3.65
531,Provincia di Campobasso,2021-04-27 20:00:17,2021-04-22 18:00:00,centro_sud,92,light rain,1002,83,13.95,0.32,0,184,1.34,27/04/2021 18:00:00 PM,centro_sud,14.34,8.16,13.81,33.97,232.54,28.04,3.65
532,Rome,2021-04-27 19:58:38,2021-04-22 18:00:00,centro_sud,20,few clouds,1005,82,17.25,0,0,220,3.09,27/04/2021 18:00:00 PM,centro_sud,13.67,0.0,13.67,54.09,303.9,35.31,3.65
533,L'Aquila,2021-04-27 20:00:17,2021-04-22 18:00:00,centro_sud,96,overcast clouds,1007,82,13.35,0,0,74,2.68,27/04/2021 18:00:00 PM,centro_sud,22.57,16.9,21.1,48.08,293.88,32.76,3.65
534,Naples,2021-04-27 20:00:17,2021-04-22 18:00:00,sud,75,broken clouds,1007,94,15.92,0,0,210,3.6,27/04/2021 18:00:00 PM,sud,22.57,4.49,22.26,33.78,226.48,28.25,3.65
535,Bari,2021-04-27 20:00:17,2021-04-22 18:00:00,sud,0,clear sky,1006,72,17.41,0,0,180,3.09,27/04/2021 18:00:00 PM,sud,11.61,0.0,11.61,13.96,118.66,18.38,3.65
536,Potenza,2021-04-27 20:00:18,2021-04-22 18:00:00,sud,34,scattered clouds,1003,91,13.33,0,0,177,6.26,27/04/2021 18:00:00 PM,sud,20.17,0.0,20.17,20.53,164.68,21.99,3.65
537,Province of Palermo,2021-04-27 19:59:58,2021-04-22 18:00:00,sicilia,28,scattered clouds,970,69,16.13,0,0,24,2.08,27/04/2021 18:00:00 PM,sicilia,30.07,104.57,23.45,30.57,215.73,26.72,3.65
538,Sardinia,2021-04-27 20:00:18,2021-04-22 18:00:00,sardegna,40,scattered clouds,1004,77,18.0,0,0,320,4.12,27/04/2021 18:00:00 PM,sardegna,72.62,205.14,45.79,85.53,394.42,43.42,3.65
539,Catanzaro,2021-04-27 20:00:18,2021-04-22 18:00:00,calabria,46,scattered clouds,1007,82,15.87,0,0,200,3.6,27/04/2021 18:00:00 PM,calabria,9.23,0.0,9.23,9.84,89.66,15.43,3.65
600,Venice,2021-04-27 20:56:48,2021-04-22 19:00:00,nord,0,clear sky,1008,62,13.6,0,0,70,5.14,27/04/2021 19:00:00 PM,nord,0.0,0.0,0.0,0.0,0.0,0.0,5.94
601,Valle d'Aosta,2021-04-27 21:00:12,2021-04-22 19:00:00,nord,100,overcast clouds,1000,73,7.62,0,0,45,1.34,27/04/2021 19:00:00 PM,nord,0.01,0.0,0.01,0.02,0.05,0.53,5.94
602,Province of Turin,2021-04-27 21:00:12,2021-04-22 19:00:00,nord,100,overcast clouds,1005,94,10.74,0,0,248,0.45,27/04/2021 19:00:00 PM,nord,0.0,0.0,0.0,0.0,0.0,0.0,5.94
603,Bologna,2021-04-27 21:00:13,2021-04-22 19:00:00,nord,75,broken clouds,1008,82,12.43,0,0,80,1.54,27/04/2021 19:00:00 PM,nord,0.0,0.0,0.0,0.0,0.0,0.0,5.94
604,Trento,2021-04-27 21:00:13,2021-04-22 19:00:00,nord,20,few clouds,1007,80,6.33,0,0,200,3.6,27/04/2021 19:00:00 PM,nord,0.0,0.0,0.0,0.0,0.0,0.0,5.94
605,Provincia di Genova,2021-04-27 21:00:14,2021-04-22 19:00:00,nord,100,overcast clouds,1006,77,13.35,0,0,53,3.13,27/04/2021 19:00:00 PM,nord,0.0,0.0,0.0,0.0,0.0,0.0,5.94
606,Milan,2021-04-27 20:56:10,2021-04-22 19:00:00,nord,75,broken clouds,1008,72,13.59,0,0,120,2.57,27/04/2021 19:00:00 PM,nord,0.0,0.0,0.0,0.0,0.0,0.0,5.94
607,Trieste,2021-04-27 21:00:14,2021-04-22 19:00:00,nord,40,scattered clouds,1007,71,11.12,0,0,40,4.63,27/04/2021 19:00:00 PM,nord,0.0,0.0,0.0,0.0,0.0,0.0,5.94
608,Provincia di Perugia,2021-04-27 20:58:33,2021-04-22 19:00:00,centro_nord,90,light intensity drizzle,1006,100,12.06,0,0,10,1.54,27/04/2021 19:00:00 PM,centro_nord,0.0,0.0,0.0,0.0,0.0,0.0,5.94
609,Florence,2021-04-27 21:00:14,2021-04-22 19:00:00,centro_nord,40,scattered clouds,1006,67,14.09,0,0,0,2.06,27/04/2021 19:00:00 PM,centro_nord,0.0,0.0,0.0,0.0,0.0,0.0,5.94
610,Provincia di Ancona,2021-04-27 21:00:15,2021-04-22 19:00:00,centro_nord,90,overcast clouds,1008,88,11.49,0,0,40,2.57,27/04/2021 19:00:00 PM,centro_nord,0.0,0.0,0.0,0.0,0.0,0.0,5.94
611,Provincia di Campobasso,2021-04-27 21:00:15,2021-04-22 19:00:00,centro_sud,98,overcast clouds,1002,84,13.49,0,0,242,0.93,27/04/2021 19:00:00 PM,centro_sud,0.0,0.0,0.0,0.0,0.0,0.0,5.94
612,Rome,2021-04-27 21:00:00,2021-04-22 19:00:00,centro_sud,40,scattered clouds,1006,88,16.65,0,0,220,2.06,27/04/2021 19:00:00 PM,centro_sud,0.0,0.0,0.0,0.0,0.0,0.0,5.94
613,L'Aquila,2021-04-27 21:00:16,2021-04-22 19:00:00,centro_sud,100,overcast clouds,1008,82,12.54,0,0,92,1.79,27/04/2021 19:00:00 PM,centro_sud,0.0,0.0,0.0,0.0,0.0,0.0,5.94
614,Naples,2021-04-27 20:59:34,2021-04-22 19:00:00,sud,75,broken clouds,1007,94,15.79,0,0,180,2.06,27/04/2021 19:00:00 PM,sud,0.0,0.0,0.0,0.0,0.0,0.0,5.94
615,Bari,2021-04-27 20:59:15,2021-04-22 19:00:00,sud,0,clear sky,1006,82,16.3,0,0,180,2.06,27/04/2021 19:00:00 PM,sud,0.0,0.0,0.0,0.0,0.0,0.0,5.94
616,Potenza,2021-04-27 21:00:16,2021-04-22 19:00:00,sud,32,scattered clouds,1011,81,12.78,0,0,97,0.45,27/04/2021 19:00:00 PM,sud,0.0,0.0,0.0,0.0,0.0,0.0,5.94
617,Province of Palermo,2021-04-27 21:00:17,2021-04-22 19:00:00,sicilia,5,clear sky,1007,80,15.0,0,0,158,2.68,27/04/2021 19:00:00 PM,sicilia,0.0,0.0,0.0,0.0,0.0,0.0,5.94
618,Sardinia,2021-04-27 21:00:17,2021-04-22 19:00:00,sardegna,40,scattered clouds,1004,68,18.0,0,0,310,3.09,27/04/2021 19:00:00 PM,sardegna,0.0,0.0,0.0,0.0,0.0,0.0,5.94
619,Catanzaro,2021-04-27 21:00:17,2021-04-22 19:00:00,calabria,5,clear sky,1007,82,14.84,0,0,230,2.06,27/04/2021 19:00:00 PM,calabria,0.0,0.0,0.0,0.0,0.0,0.0,5.94
680,Venice,2021-04-27 22:00:12,2021-04-22 20:00:00,nord,0,clear sky,1009,62,12.74,0,0,80,4.12,27/04/2021 20:00:00 PM,nord,0.0,0.0,0.0,0.0,0.0,0.0,6.78
681,Valle d'Aosta,2021-04-27 22:00:12,2021-04-22 20:00:00,nord,100,overcast clouds,1001,75,7.32,0,0,68,0.89,27/04/2021 20:00:00 PM,nord,0.0,0.0,0.0,0.0,0.0,0.0,6.78
682,Province of Turin,2021-04-27 22:00:12,2021-04-22 20:00:00,nord,100,overcast clouds,1006,94,10.61,0,0,248,0.45,27/04/2021 20:00:00 PM,nord,0.0,0.0,0.0,0.0,0.0,0.0,6.78
683,Bologna,2021-04-27 22:00:13,2021-04-22 20:00:00,nord,75,broken clouds,1009,94,12.16,0,0,50,1.03,27/04/2021 20:00:00 PM,nord,0.0,0.0,0.0,0.0,0.0,0.0,6.78
684,Trento,2021-04-27 22:00:13,2021-04-22 20:00:00,nord,90,fog,1007,86,7.43,0,0,190,6.17,27/04/2021 20:00:00 PM,nord,0.0,0.0,0.0,0.0,0.0,0.0,6.78
685,Provincia di Genova,2021-04-27 22:00:13,2021-04-22 20:00:00,nord,100,overcast clouds,1007,78,13.35,0,0,49,2.68,27/04/2021 20:00:00 PM,nord,0.0,0.0,0.0,0.0,0.0,0.0,6.78
686,Milan,2021-04-27 21:58:03,2021-04-22 20:00:00,nord,75,broken clouds,1008,82,12.87,0,0,140,2.57,27/04/2021 20:00:00 PM,nord,0.0,0.0,0.0,0.0,0.0,0.0,6.78
687,Trieste,2021-04-27 21:56:07,2021-04-22 20:00:00,nord,40,scattered clouds,1009,66,10.61,0,0,130,1.54,27/04/2021 20:00:00 PM,nord,0.0,0.0,0.0,0.0,0.0,0.0,6.78
688,Provincia di Perugia,2021-04-27 22:00:14,2021-04-22 20:00:00,centro_nord,75,broken clouds,1007,100,11.95,0,0,30,1.54,27/04/2021 20:00:00 PM,centro_nord,0.0,0.0,0.0,0.0,0.0,0.0,6.78
689,Florence,2021-04-27 22:00:00,2021-04-22 20:00:00,centro_nord,40,light rain,1006,63,13.72,0.49,0,10,2.06,27/04/2021 20:00:00 PM,centro_nord,0.0,0.0,0.0,0.0,0.0,0.0,6.78
690,Provincia di Ancona,2021-04-27 22:00:14,2021-04-22 20:00:00,centro_nord,75,broken clouds,1008,94,11.57,0,0,360,1.54,27/04/2021 20:00:00 PM,centro_nord,0.0,0.0,0.0,0.0,0.0,0.0,6.78
691,Provincia di Campobasso,2021-04-27 22:00:14,2021-04-22 20:00:00,centro_sud,99,overcast clouds,1002,88,13.5,0,0,210,3.13,27/04/2021 20:00:00 PM,centro_sud,0.0,0.0,0.0,0.0,0.0,0.0,6.78
692,Rome,2021-04-27 21:56:10,2021-04-22 20:00:00,centro_sud,40,light intensity drizzle,1007,100,16.21,0,0,230,2.57,27/04/2021 20:00:00 PM,centro_sud,0.0,0.0,0.0,0.0,0.0,0.0,6.78
693,L'Aquila,2021-04-27 22:00:15,2021-04-22 20:00:00,centro_sud,100,light rain,1009,87,11.99,0.65,0,102,0.89,27/04/2021 20:00:00 PM,centro_sud,0.0,0.0,0.0,0.0,0.0,0.0,6.78
694,Naples,2021-04-27 21:58:27,2021-04-22 20:00:00,sud,90,moderate rain,1008,94,15.67,1.85,0,210,2.06,27/04/2021 20:00:00 PM,sud,0.0,0.0,0.0,0.0,0.0,0.0,6.78
695,Bari,2021-04-27 22:00:15,2021-04-22 20:00:00,sud,0,clear sky,1007,82,16.22,0,0,190,3.09,27/04/2021 20:00:00 PM,sud,0.0,0.0,0.0,0.0,0.0,0.0,6.78
696,Potenza,2021-04-27 22:00:16,2021-04-22 20:00:00,sud,33,scattered clouds,1011,90,11.11,0,0,236,0.89,27/04/2021 20:00:00 PM,sud,0.0,0.0,0.0,0.0,0.0,0.0,6.78
697,Province of Palermo,2021-04-27 22:00:16,2021-04-22 20:00:00,sicilia,7,clear sky,1007,73,15.37,0,0,180,1.34,27/04/2021 20:00:00 PM,sicilia,0.0,0.0,0.0,0.0,0.0,0.0,6.78
698,Sardinia,2021-04-27 22:00:16,2021-04-22 20:00:00,sardegna,40,scattered clouds,1004,68,18.0,0,0,310,3.6,27/04/2021 20:00:00 PM,sardegna,0.0,0.0,0.0,0.0,0.0,0.0,6.78
699,Catanzaro,2021-04-27 22:00:17,2021-04-22 20:00:00,calabria,6,clear sky,1008,94,15.0,0,0,220,1.54,27/04/2021 20:00:00 PM,calabria,0.0,0.0,0.0,0.0,0.0,0.0,6.78
760,Venice,2021-04-27 23:00:11,2021-04-22 21:00:00,nord,0,clear sky,1009,67,11.68,0,0,70,4.63,27/04/2021 21:00:00 PM,nord,0.0,0.0,0.0,0.0,0.0,0.0,4.96
761,Valle d'Aosta,2021-04-27 23:00:11,2021-04-22 21:00:00,nord,100,overcast clouds,1002,75,7.04,0,0,113,0.89,27/04/2021 21:00:00 PM,nord,0.0,0.0,0.0,0.0,0.0,0.0,4.96
762,Province of Turin,2021-04-27 23:00:12,2021-04-22 21:00:00,nord,100,light rain,1006,94,10.51,0.37,0,107,0.46,27/04/2021 21:00:00 PM,nord,0.0,0.0,0.0,0.0,0.0,0.0,4.96
763,Bologna,2021-04-27 23:00:12,2021-04-22 21:00:00,nord,75,broken clouds,1009,94,11.96,0,0,50,1.54,27/04/2021 21:00:00 PM,nord,0.0,0.0,0.0,0.0,0.0,0.0,4.96
764,Trento,2021-04-27 23:00:12,2021-04-22 21:00:00,nord,90,fog,1007,93,7.22,0,0,210,7.2,27/04/2021 21:00:00 PM,nord,0.0,0.0,0.0,0.0,0.0,0.0,4.96
765,Provincia di Genova,2021-04-27 23:00:13,2021-04-22 21:00:00,nord,100,overcast clouds,1007,77,13.02,0,0,51,1.34,27/04/2021 21:00:00 PM,nord,0.0,0.0,0.0,0.0,0.0,0.0,4.96
766,Milan,2021-04-27 22:58:35,2021-04-22 21:00:00,nord,75,broken clouds,1009,76,12.96,0,0,120,2.06,27/04/2021 21:00:00 PM,nord,0.0,0.0,0.0,0.0,0.0,0.0,4.96
767,Trieste,2021-04-27 23:00:13,2021-04-22 21:00:00,nord,90,overcast clouds,1009,71,10.56,0,0,120,2.06,27/04/2021 21:00:00 PM,nord,0.0,0.0,0.0,0.0,0.0,0.0,4.96
768,Provincia di Perugia,2021-04-27 23:00:13,2021-04-22 21:00:00,centro_nord,90,overcast clouds,1007,100,11.74,0,0,20,2.06,27/04/2021 21:00:00 PM,centro_nord,0.0,0.0,0.0,0.0,0.0,0.0,4.96
769,Florence,2021-04-27 22:59:58,2021-04-22 21:00:00,centro_nord,75,broken clouds,1007,67,13.35,0,0,40,1.54,27/04/2021 21:00:00 PM,centro_nord,0.0,0.0,0.0,0.0,0.0,0.0,4.96
770,Provincia di Ancona,2021-04-27 23:00:14,2021-04-22 21:00:00,centro_nord,90,overcast clouds,1008,94,11.57,0,0,40,2.57,27/04/2021 21:00:00 PM,centro_nord,0.0,0.0,0.0,0.0,0.0,0.0,4.96
771,Provincia di Campobasso,2021-04-27 23:00:14,2021-04-22 21:00:00,centro_sud,99,overcast clouds,1002,90,12.95,0,0,206,1.34,27/04/2021 21:00:00 PM,centro_sud,0.0,0.0,0.0,0.0,0.0,0.0,4.96
772,Rome,2021-04-27 23:00:14,2021-04-22 21:00:00,centro_sud,40,scattered clouds,1006,100,15.56,0,0,200,2.57,27/04/2021 21:00:00 PM,centro_sud,0.0,0.0,0.0,0.0,0.0,0.0,4.96
773,L'Aquila,2021-04-27 23:00:15,2021-04-22 21:00:00,centro_sud,100,overcast clouds,1009,90,11.26,0,0,115,1.79,27/04/2021 21:00:00 PM,centro_sud,0.0,0.0,0.0,0.0,0.0,0.0,4.96
774,Naples,2021-04-27 22:56:22,2021-04-22 21:00:00,sud,40,scattered clouds,1007,94,15.2,0,0,170,1.54,27/04/2021 21:00:00 PM,sud,0.0,0.0,0.0,0.0,0.0,0.0,4.96
775,Bari,2021-04-27 22:56:46,2021-04-22 21:00:00,sud,0,clear sky,1007,82,15.52,0,0,150,2.57,27/04/2021 21:00:00 PM,sud,0.0,0.0,0.0,0.0,0.0,0.0,4.96
776,Potenza,2021-04-27 23:00:15,2021-04-22 21:00:00,sud,33,scattered clouds,1012,91,10.56,0,0,262,0.89,27/04/2021 21:00:00 PM,sud,0.0,0.0,0.0,0.0,0.0,0.0,4.96
777,Province of Palermo,2021-04-27 23:00:17,2021-04-22 21:00:00,sicilia,20,few clouds,1007,68,15.37,0,0,158,2.24,27/04/2021 21:00:00 PM,sicilia,0.0,0.0,0.0,0.0,0.0,0.0,4.96
778,Sardinia,2021-04-27 23:00:17,2021-04-22 21:00:00,sardegna,40,scattered clouds,1004,72,17.0,0,0,300,2.57,27/04/2021 21:00:00 PM,sardegna,0.0,0.0,0.0,0.0,0.0,0.0,4.96
779,Catanzaro,2021-04-27 23:00:17,2021-04-22 21:00:00,calabria,21,few clouds,1009,94,15.0,0,0,220,2.06,27/04/2021 21:00:00 PM,calabria,0.0,0.0,0.0,0.0,0.0,0.0,4.96
840,Venice,2021-04-28 00:00:12,2021-04-22 22:00:00,nord,0,clear sky,1009,81,10.02,0,0,50,4.12,27/04/2021 22:00:00 PM,nord,0.0,0.0,0.0,0.0,0.0,0.0,3.8
841,Valle d'Aosta,2021-04-28 00:00:13,2021-04-22 22:00:00,nord,100,overcast clouds,1002,75,7.11,0,0,113,0.45,27/04/2021 22:00:00 PM,nord,0.0,0.0,0.0,0.0,0.0,0.0,3.8
842,Province of Turin,2021-04-28 00:00:13,2021-04-22 22:00:00,nord,100,light rain,1007,94,10.41,0.37,0,118,0.61,27/04/2021 22:00:00 PM,nord,0.0,0.0,0.0,0.0,0.0,0.0,3.8
843,Bologna,2021-04-27 23:56:00,2021-04-22 22:00:00,nord,75,broken clouds,1009,94,11.96,0,0,40,1.54,27/04/2021 22:00:00 PM,nord,0.0,0.0,0.0,0.0,0.0,0.0,3.8
844,Trento,2021-04-28 00:00:13,2021-04-22 22:00:00,nord,90,fog,1008,100,5.12,0,0,200,7.2,27/04/2021 22:00:00 PM,nord,0.0,0.0,0.0,0.0,0.0,0.0,3.8
845,Provincia di Genova,2021-04-28 00:00:14,2021-04-22 22:00:00,nord,100,overcast clouds,1007,80,12.86,0,0,335,0.89,27/04/2021 22:00:00 PM,nord,0.0,0.0,0.0,0.0,0.0,0.0,3.8
846,Milan,2021-04-28 00:00:09,2021-04-22 22:00:00,nord,75,broken clouds,1009,82,12.96,0,0,0,0.51,27/04/2021 22:00:00 PM,nord,0.0,0.0,0.0,0.0,0.0,0.0,3.8
847,Trieste,2021-04-27 23:55:48,2021-04-22 22:00:00,nord,75,broken clouds,1009,76,10.49,0,0,100,2.06,27/04/2021 22:00:00 PM,nord,0.0,0.0,0.0,0.0,0.0,0.0,3.8
848,Provincia di Perugia,2021-04-28 00:00:14,2021-04-22 22:00:00,centro_nord,90,light rain,1007,100,11.74,0.87,0,10,1.54,27/04/2021 22:00:00 PM,centro_nord,0.0,0.0,0.0,0.0,0.0,0.0,3.8
849,Florence,2021-04-27 23:57:31,2021-04-22 22:00:00,centro_nord,75,light rain,1007,88,12.57,0.17,0,300,1.03,27/04/2021 22:00:00 PM,centro_nord,0.0,0.0,0.0,0.0,0.0,0.0,3.8
850,Provincia di Ancona,2021-04-28 00:00:15,2021-04-22 22:00:00,centro_nord,90,overcast clouds,1008,88,11.57,0,0,10,1.54,27/04/2021 22:00:00 PM,centro_nord,0.0,0.0,0.0,0.0,0.0,0.0,3.8
851,Provincia di Campobasso,2021-04-28 00:00:15,2021-04-22 22:00:00,centro_sud,97,overcast clouds,1002,90,12.76,0,0,210,0.45,27/04/2021 22:00:00 PM,centro_sud,0.0,0.0,0.0,0.0,0.0,0.0,3.8
852,Rome,2021-04-27 23:57:00,2021-04-22 22:00:00,centro_sud,75,broken clouds,1007,94,15.72,0,0,260,1.03,27/04/2021 22:00:00 PM,centro_sud,0.0,0.0,0.0,0.0,0.0,0.0,3.8
853,L'Aquila,2021-04-28 00:00:16,2021-04-22 22:00:00,centro_sud,100,overcast clouds,1009,90,10.88,0,0,130,1.34,27/04/2021 22:00:00 PM,centro_sud,0.0,0.0,0.0,0.0,0.0,0.0,3.8
854,Naples,2021-04-28 00:00:16,2021-04-22 22:00:00,sud,20,few clouds,1007,94,14.45,0,0,260,2.06,27/04/2021 22:00:00 PM,sud,0.0,0.0,0.0,0.0,0.0,0.0,3.8
855,Bari,2021-04-28 00:00:16,2021-04-22 22:00:00,sud,0,clear sky,1008,88,15.42,0,0,200,1.54,27/04/2021 22:00:00 PM,sud,0.0,0.0,0.0,0.0,0.0,0.0,3.8
856,Potenza,2021-04-28 00:00:17,2021-04-22 22:00:00,sud,90,fog,1010,100,12.89,0,0,240,2.57,27/04/2021 22:00:00 PM,sud,0.0,0.0,0.0,0.0,0.0,0.0,3.8
857,Province of Palermo,2021-04-28 00:00:17,2021-04-22 22:00:00,sicilia,40,scattered clouds,971,86,14.93,0,0,22,0.88,27/04/2021 22:00:00 PM,sicilia,0.0,0.0,0.0,0.0,0.0,0.0,3.8
858,Sardinia,2021-04-28 00:00:17,2021-04-22 22:00:00,sardegna,20,few clouds,1005,77,11.58,0,0,80,2.57,27/04/2021 22:00:00 PM,sardegna,0.0,0.0,0.0,0.0,0.0,0.0,3.8
859,Catanzaro,2021-04-28 00:00:18,2021-04-22 22:00:00,calabria,34,scattered clouds,1009,94,15.0,0,0,230,2.06,27/04/2021 22:00:00 PM,calabria,0.0,0.0,0.0,0.0,0.0,0.0,3.8
920,Venice,2021-04-28 01:00:11,2021-04-22 23:00:00,nord,0,clear sky,1009,81,9.61,0,0,40,3.6,27/04/2021 23:00:00 PM,nord,0.0,0.0,0.0,0.0,0.0,0.0,2.77
921,Valle d'Aosta,2021-04-28 01:00:11,2021-04-22 23:00:00,nord,100,overcast clouds,1002,75,6.82,0,0,68,0.45,27/04/2021 23:00:00 PM,nord,0.0,0.0,0.0,0.0,0.0,0.0,2.77
922,Province of Turin,2021-04-28 01:00:11,2021-04-22 23:00:00,nord,100,overcast clouds,1007,94,10.21,0,0,128,0.73,27/04/2021 23:00:00 PM,nord,0.0,0.0,0.0,0.0,0.0,0.0,2.77
923,Bologna,2021-04-28 01:00:12,2021-04-22 23:00:00,nord,75,broken clouds,1009,94,11.76,0,0,50,1.03,27/04/2021 23:00:00 PM,nord,0.0,0.0,0.0,0.0,0.0,0.0,2.77
924,Trento,2021-04-28 01:00:12,2021-04-22 23:00:00,nord,90,fog,1008,100,6.7,0,0,200,8.23,27/04/2021 23:00:00 PM,nord,0.0,0.0,0.0,0.0,0.0,0.0,2.77
925,Provincia di Genova,2021-04-28 01:00:12,2021-04-22 23:00:00,nord,100,overcast clouds,1003,77,12.22,0,0,226,0.89,27/04/2021 23:00:00 PM,nord,0.0,0.0,0.0,0.0,0.0,0.0,2.77
926,Milan,2021-04-28 01:00:13,2021-04-22 23:00:00,nord,75,broken clouds,1009,82,12.88,0,0,60,1.03,27/04/2021 23:00:00 PM,nord,0.0,0.0,0.0,0.0,0.0,0.0,2.77
927,Trieste,2021-04-28 00:55:48,2021-04-22 23:00:00,nord,75,broken clouds,1009,76,10.49,0,0,120,1.03,27/04/2021 23:00:00 PM,nord,0.0,0.0,0.0,0.0,0.0,0.0,2.77
928,Provincia di Perugia,2021-04-28 01:00:13,2021-04-22 23:00:00,centro_nord,90,moderate rain,1007,100,11.59,1.78,0,350,2.57,27/04/2021 23:00:00 PM,centro_nord,0.0,0.0,0.0,0.0,0.0,0.0,2.77
929,Florence,2021-04-28 01:00:13,2021-04-22 23:00:00,centro_nord,75,light rain,1008,88,12.37,0.12,0,220,3.09,27/04/2021 23:00:00 PM,centro_nord,0.0,0.0,0.0,0.0,0.0,0.0,2.77
930,Provincia di Ancona,2021-04-28 01:00:14,2021-04-22 23:00:00,centro_nord,90,drizzle,1008,94,11.29,0,0,360,1.54,27/04/2021 23:00:00 PM,centro_nord,0.0,0.0,0.0,0.0,0.0,0.0,2.77
931,Provincia di Campobasso,2021-04-28 01:00:14,2021-04-22 23:00:00,centro_sud,95,overcast clouds,1003,90,12.4,0,0,210,0.45,27/04/2021 23:00:00 PM,centro_sud,0.0,0.0,0.0,0.0,0.0,0.0,2.77
932,Rome,2021-04-28 01:00:14,2021-04-22 23:00:00,centro_sud,40,mist,1007,94,15.18,0,0,250,2.06,27/04/2021 23:00:00 PM,centro_sud,0.0,0.0,0.0,0.0,0.0,0.0,2.77
933,L'Aquila,2021-04-28 01:00:14,2021-04-22 23:00:00,centro_sud,100,overcast clouds,1009,89,10.88,0,0,137,0.45,27/04/2021 23:00:00 PM,centro_sud,0.0,0.0,0.0,0.0,0.0,0.0,2.77
934,Naples,2021-04-28 01:00:15,2021-04-22 23:00:00,sud,20,few clouds,1008,94,14.71,0,0,240,2.06,27/04/2021 23:00:00 PM,sud,0.0,0.0,0.0,0.0,0.0,0.0,2.77
935,Bari,2021-04-28 01:00:15,2021-04-22 23:00:00,sud,0,clear sky,1008,88,15.53,0,0,0,0.51,27/04/2021 23:00:00 PM,sud,0.0,0.0,0.0,0.0,0.0,0.0,2.77
936,Potenza,2021-04-28 01:00:15,2021-04-22 23:00:00,sud,40,scattered clouds,1011,89,10.0,0,0,256,1.79,27/04/2021 23:00:00 PM,sud,0.0,0.0,0.0,0.0,0.0,0.0,2.77
937,Province of Palermo,2021-04-28 01:00:16,2021-04-22 23:00:00,sicilia,52,broken clouds,971,86,15.46,0,0,335,0.6,27/04/2021 23:00:00 PM,sicilia,0.0,0.0,0.0,0.0,0.0,0.0,2.77
938,Sardinia,2021-04-28 01:00:16,2021-04-22 23:00:00,sardegna,20,few clouds,1006,82,11.58,0,0,80,2.06,27/04/2021 23:00:00 PM,sardegna,0.0,0.0,0.0,0.0,0.0,0.0,2.77
939,Catanzaro,2021-04-28 01:00:16,2021-04-22 23:00:00,calabria,75,broken clouds,1009,94,14.86,0,0,330,1.54,27/04/2021 23:00:00 PM,calabria,0.0,0.0,0.0,0.0,0.0,0.0,2.77
1000,Venice,2021-04-28 02:00:11,2021-04-23 00:00:00,nord,0,clear sky,1010,81,9.13,0,0,40,2.06,28/04/2021 00:00:00 AM,nord,0.0,0.0,0.0,0.0,0.0,0.0,2.19
1001,Valle d'Aosta,2021-04-28 02:00:12,2021-04-23 00:00:00,nord,100,overcast clouds,1002,77,6.68,0,0,94,1.31,28/04/2021 00:00:00 AM,nord,0.0,0.0,0.0,0.0,0.0,0.0,2.19
1002,Province of Turin,2021-04-28 01:57:41,2021-04-23 00:00:00,nord,100,overcast clouds,1007,95,9.85,0,0,123,0.62,28/04/2021 00:00:00 AM,nord,0.0,0.0,0.0,0.0,0.0,0.0,2.19
1003,Bologna,2021-04-28 02:00:12,2021-04-23 00:00:00,nord,75,broken clouds,1009,94,11.76,0,0,40,1.54,28/04/2021 00:00:00 AM,nord,0.0,0.0,0.0,0.0,0.0,0.0,2.19
1004,Trento,2021-04-28 02:00:13,2021-04-23 00:00:00,nord,90,fog,1008,100,6.22,0,0,220,6.17,28/04/2021 00:00:00 AM,nord,0.0,0.0,0.0,0.0,0.0,0.0,2.19
1005,Provincia di Genova,2021-04-28 02:00:14,2021-04-23 00:00:00,nord,100,overcast clouds,1007,79,13.1,0,0,46,1.79,28/04/2021 00:00:00 AM,nord,0.0,0.0,0.0,0.0,0.0,0.0,2.19
1006,Milan,2021-04-28 02:00:14,2021-04-23 00:00:00,nord,75,broken clouds,1009,82,12.8,0,0,70,1.03,28/04/2021 00:00:00 AM,nord,0.0,0.0,0.0,0.0,0.0,0.0,2.19
1007,Trieste,2021-04-28 02:00:14,2021-04-23 00:00:00,nord,90,overcast clouds,1009,76,10.31,0,0,110,1.03,28/04/2021 00:00:00 AM,nord,0.0,0.0,0.0,0.0,0.0,0.0,2.19
1008,Provincia di Perugia,2021-04-28 02:00:14,2021-04-23 00:00:00,centro_nord,90,moderate rain,1007,100,11.36,3.65,0,350,2.06,28/04/2021 00:00:00 AM,centro_nord,0.0,0.0,0.0,0.0,0.0,0.0,2.19
1009,Florence,2021-04-28 02:00:15,2021-04-23 00:00:00,centro_nord,75,broken clouds,1008,94,12.15,0,0,0,0.51,28/04/2021 00:00:00 AM,centro_nord,0.0,0.0,0.0,0.0,0.0,0.0,2.19
1010,Provincia di Ancona,2021-04-28 02:00:15,2021-04-23 00:00:00,centro_nord,75,broken clouds,1008,100,11.05,0,0,0,1.03,28/04/2021 00:00:00 AM,centro_nord,0.0,0.0,0.0,0.0,0.0,0.0,2.19
1011,Provincia di Campobasso,2021-04-28 02:00:15,2021-04-23 00:00:00,centro_sud,85,overcast clouds,1002,92,12.58,0,0,215,2.68,28/04/2021 00:00:00 AM,centro_sud,0.0,0.0,0.0,0.0,0.0,0.0,2.19
1012,Rome,2021-04-28 01:59:58,2021-04-23 00:00:00,centro_sud,40,mist,1007,100,15.48,0,0,200,4.12,28/04/2021 00:00:00 AM,centro_sud,0.0,0.0,0.0,0.0,0.0,0.0,2.19
1013,L'Aquila,2021-04-28 02:00:16,2021-04-23 00:00:00,centro_sud,100,moderate rain,1009,92,10.56,1.33,0,226,1.45,28/04/2021 00:00:00 AM,centro_sud,0.0,0.0,0.0,0.0,0.0,0.0,2.19
1014,Naples,2021-04-28 01:59:12,2021-04-23 00:00:00,sud,40,scattered clouds,1008,94,14.83,0,0,270,2.06,28/04/2021 00:00:00 AM,sud,0.0,0.0,0.0,0.0,0.0,0.0,2.19
1015,Bari,2021-04-28 02:00:17,2021-04-23 00:00:00,sud,0,clear sky,1007,88,14.94,0,0,100,1.54,28/04/2021 00:00:00 AM,sud,0.0,0.0,0.0,0.0,0.0,0.0,2.19
1016,Potenza,2021-04-28 02:00:17,2021-04-23 00:00:00,sud,50,scattered clouds,1011,93,8.33,0,0,216,2.24,28/04/2021 00:00:00 AM,sud,0.0,0.0,0.0,0.0,0.0,0.0,2.19
1017,Province of Palermo,2021-04-28 02:00:18,2021-04-23 00:00:00,sicilia,60,broken clouds,1007,57,17.6,0,0,295,1.34,28/04/2021 00:00:00 AM,sicilia,0.0,0.0,0.0,0.0,0.0,0.0,2.19
1018,Sardinia,2021-04-28 02:00:18,2021-04-23 00:00:00,sardegna,82,broken clouds,1005,95,8.89,0,0,226,1.55,28/04/2021 00:00:00 AM,sardegna,0.0,0.0,0.0,0.0,0.0,0.0,2.19
1019,Catanzaro,2021-04-28 02:00:18,2021-04-23 00:00:00,calabria,75,broken clouds,1009,94,14.55,0,0,350,1.54,28/04/2021 00:00:00 AM,calabria,0.0,0.0,0.0,0.0,0.0,0.0,2.19
1080,Venice,2021-04-28 03:00:15,2021-04-23 01:00:00,nord,0,clear sky,1009,81,8.95,0,0,360,1.54,28/04/2021 01:00:00 AM,nord,0.0,0.0,0.0,0.0,0.0,0.0,2.14
1081,Valle d'Aosta,2021-04-28 03:00:15,2021-04-23 01:00:00,nord,100,overcast clouds,1002,78,6.39,0,0,116,1.29,28/04/2021 01:00:00 AM,nord,0.0,0.0,0.0,0.0,0.0,0.0,2.14
1082,Province of Turin,2021-04-28 03:00:15,2021-04-23 01:00:00,nord,100,overcast clouds,1006,95,9.75,0,0,270,0.45,28/04/2021 01:00:00 AM,nord,0.0,0.0,0.0,0.0,0.0,0.0,2.14
1083,Bologna,2021-04-28 03:00:16,2021-04-23 01:00:00,nord,75,broken clouds,1009,94,11.76,0,0,0,1.03,28/04/2021 01:00:00 AM,nord,0.0,0.0,0.0,0.0,0.0,0.0,2.14
1084,Trento,2021-04-28 03:00:16,2021-04-23 01:00:00,nord,90,fog,1008,100,6.12,0,0,210,5.14,28/04/2021 01:00:00 AM,nord,0.0,0.0,0.0,0.0,0.0,0.0,2.14
1085,Provincia di Genova,2021-04-28 03:00:16,2021-04-23 01:00:00,nord,100,overcast clouds,1006,81,12.79,0,0,324,2.68,28/04/2021 01:00:00 AM,nord,0.0,0.0,0.0,0.0,0.0,0.0,2.14
1086,Milan,2021-04-28 02:58:28,2021-04-23 01:00:00,nord,75,broken clouds,1009,82,12.66,0,0,90,1.03,28/04/2021 01:00:00 AM,nord,0.0,0.0,0.0,0.0,0.0,0.0,2.14
1087,Trieste,2021-04-28 03:00:17,2021-04-23 01:00:00,nord,90,overcast clouds,1008,81,10.31,0,0,120,1.54,28/04/2021 01:00:00 AM,nord,0.0,0.0,0.0,0.0,0.0,0.0,2.14
1088,Provincia di Perugia,2021-04-28 03:00:17,2021-04-23 01:00:00,centro_nord,90,moderate rain,1007,100,11.26,1.15,0,350,2.06,28/04/2021 01:00:00 AM,centro_nord,0.0,0.0,0.0,0.0,0.0,0.0,2.14
1089,Florence,2021-04-28 03:00:17,2021-04-23 01:00:00,centro_nord,75,broken clouds,1007,88,12.5,0,0,220,2.06,28/04/2021 01:00:00 AM,centro_nord,0.0,0.0,0.0,0.0,0.0,0.0,2.14
1090,Provincia di Ancona,2021-04-28 03:00:18,2021-04-23 01:00:00,centro_nord,75,broken clouds,1008,94,10.87,0,0,280,2.06,28/04/2021 01:00:00 AM,centro_nord,0.0,0.0,0.0,0.0,0.0,0.0,2.14
1091,Provincia di Campobasso,2021-04-28 03:00:18,2021-04-23 01:00:00,centro_sud,36,scattered clouds,1002,93,12.38,0,0,205,1.79,28/04/2021 01:00:00 AM,centro_sud,0.0,0.0,0.0,0.0,0.0,0.0,2.14
1092,Rome,2021-04-28 02:55:57,2021-04-23 01:00:00,centro_sud,75,broken clouds,1007,94,15.18,0,0,210,2.57,28/04/2021 01:00:00 AM,centro_sud,0.0,0.0,0.0,0.0,0.0,0.0,2.14
1093,L'Aquila,2021-04-28 03:00:19,2021-04-23 01:00:00,centro_sud,100,overcast clouds,1009,93,10.56,0,0,220,1.26,28/04/2021 01:00:00 AM,centro_sud,0.0,0.0,0.0,0.0,0.0,0.0,2.14
1094,Naples,2021-04-28 03:00:19,2021-04-23 01:00:00,sud,75,broken clouds,1008,94,15.07,0,0,210,2.57,28/04/2021 01:00:00 AM,sud,0.0,0.0,0.0,0.0,0.0,0.0,2.14
1095,Bari,2021-04-28 03:00:19,2021-04-23 01:00:00,sud,0,clear sky,1007,93,13.74,0,0,210,2.06,28/04/2021 01:00:00 AM,sud,0.0,0.0,0.0,0.0,0.0,0.0,2.14
1096,Potenza,2021-04-28 03:00:19,2021-04-23 01:00:00,sud,0,clear sky,1011,93,7.78,0,0,225,0.45,28/04/2021 01:00:00 AM,sud,0.0,0.0,0.0,0.0,0.0,0.0,2.14
1097,Province of Palermo,2021-04-28 03:00:20,2021-04-23 01:00:00,sicilia,100,overcast clouds,1007,53,17.6,0,0,228,4.02,28/04/2021 01:00:00 AM,sicilia,0.0,0.0,0.0,0.0,0.0,0.0,2.14
1098,Sardinia,2021-04-28 03:00:20,2021-04-23 01:00:00,sardegna,20,few clouds,1005,82,11.12,0,0,310,2.06,28/04/2021 01:00:00 AM,sardegna,0.0,0.0,0.0,0.0,0.0,0.0,2.14
1099,Catanzaro,2021-04-28 03:00:20,2021-04-23 01:00:00,calabria,87,overcast clouds,1008,94,14.55,0,0,20,1.54,28/04/2021 01:00:00 AM,calabria,0.0,0.0,0.0,0.0,0.0,0.0,2.14
1160,Venice,2021-04-28 04:00:16,2021-04-23 02:00:00,nord,0,clear sky,1009,81,8.94,0,0,350,3.6,28/04/2021 02:00:00 AM,nord,0.0,0.0,0.0,0.0,0.0,0.0,2.03
1161,Valle d'Aosta,2021-04-28 04:00:16,2021-04-23 02:00:00,nord,100,overcast clouds,1001,80,6.26,0,0,115,1.16,28/04/2021 02:00:00 AM,nord,0.0,0.0,0.0,0.0,0.0,0.0,2.03
1162,Province of Turin,2021-04-28 04:00:16,2021-04-23 02:00:00,nord,100,overcast clouds,1006,95,9.74,0,0,270,0.45,28/04/2021 02:00:00 AM,nord,0.0,0.0,0.0,0.0,0.0,0.0,2.03
1163,Bologna,2021-04-28 04:00:16,2021-04-23 02:00:00,nord,75,mist,1009,94,11.76,0,0,10,0.51,28/04/2021 02:00:00 AM,nord,0.0,0.0,0.0,0.0,0.0,0.0,2.03
1164,Trento,2021-04-28 04:00:17,2021-04-23 02:00:00,nord,90,fog,1008,93,5.78,0,0,126,0.5,28/04/2021 02:00:00 AM,nord,0.0,0.0,0.0,0.0,0.0,0.0,2.03
1165,Provincia di Genova,2021-04-28 04:00:17,2021-04-23 02:00:00,nord,100,overcast clouds,1006,81,12.68,0,0,349,2.24,28/04/2021 02:00:00 AM,nord,0.0,0.0,0.0,0.0,0.0,0.0,2.03
1166,Milan,2021-04-28 03:57:45,2021-04-23 02:00:00,nord,75,broken clouds,1008,82,12.33,0,0,120,1.54,28/04/2021 02:00:00 AM,nord,0.0,0.0,0.0,0.0,0.0,0.0,2.03
1167,Trieste,2021-04-28 04:00:17,2021-04-23 02:00:00,nord,75,broken clouds,1008,81,10.49,0,0,120,2.06,28/04/2021 02:00:00 AM,nord,0.0,0.0,0.0,0.0,0.0,0.0,2.03
1168,Provincia di Perugia,2021-04-28 04:00:18,2021-04-23 02:00:00,centro_nord,90,overcast clouds,1007,100,10.95,0,0,340,2.57,28/04/2021 02:00:00 AM,centro_nord,0.0,0.0,0.0,0.0,0.0,0.0,2.03
1169,Florence,2021-04-28 04:00:18,2021-04-23 02:00:00,centro_nord,75,broken clouds,1007,94,12.15,0,0,250,1.54,28/04/2021 02:00:00 AM,centro_nord,0.0,0.0,0.0,0.0,0.0,0.0,2.03
1170,Provincia di Ancona,2021-04-28 04:00:18,2021-04-23 02:00:00,centro_nord,90,overcast clouds,1008,94,10.87,0,0,290,2.06,28/04/2021 02:00:00 AM,centro_nord,0.0,0.0,0.0,0.0,0.0,0.0,2.03
1171,Provincia di Campobasso,2021-04-28 03:58:51,2021-04-23 02:00:00,centro_sud,53,broken clouds,1002,95,12.39,0,0,226,1.59,28/04/2021 02:00:00 AM,centro_sud,0.0,0.0,0.0,0.0,0.0,0.0,2.03
1172,Rome,2021-04-28 03:58:42,2021-04-23 02:00:00,centro_sud,40,scattered clouds,1007,94,15.27,0,0,190,3.6,28/04/2021 02:00:00 AM,centro_sud,0.0,0.0,0.0,0.0,0.0,0.0,2.03
1173,L'Aquila,2021-04-28 04:00:19,2021-04-23 02:00:00,centro_sud,99,light rain,1009,93,10.56,0.56,0,44,0.45,28/04/2021 02:00:00 AM,centro_sud,0.0,0.0,0.0,0.0,0.0,0.0,2.03
1174,Naples,2021-04-28 04:00:19,2021-04-23 02:00:00,sud,75,broken clouds,1008,100,14.7,0,0,200,2.06,28/04/2021 02:00:00 AM,sud,0.0,0.0,0.0,0.0,0.0,0.0,2.03
1175,Bari,2021-04-28 04:00:19,2021-04-23 02:00:00,sud,20,few clouds,1007,100,13.26,0,0,250,1.54,28/04/2021 02:00:00 AM,sud,0.0,0.0,0.0,0.0,0.0,0.0,2.03
1176,Potenza,2021-04-28 04:00:20,2021-04-23 02:00:00,sud,2,clear sky,1011,98,7.22,0,0,236,2.02,28/04/2021 02:00:00 AM,sud,0.0,0.0,0.0,0.0,0.0,0.0,2.03
1177,Province of Palermo,2021-04-28 04:00:20,2021-04-23 02:00:00,sicilia,100,overcast clouds,1007,55,17.78,0,0,31,1.34,28/04/2021 02:00:00 AM,sicilia,0.0,0.0,0.0,0.0,0.0,0.0,2.03
1178,Sardinia,2021-04-28 04:00:20,2021-04-23 02:00:00,sardegna,100,overcast clouds,1005,95,8.89,0,0,214,1.15,28/04/2021 02:00:00 AM,sardegna,0.0,0.0,0.0,0.0,0.0,0.0,2.03
1179,Catanzaro,2021-04-28 04:00:21,2021-04-23 02:00:00,calabria,93,overcast clouds,1008,94,13.96,0,0,60,2.06,28/04/2021 02:00:00 AM,calabria,0.0,0.0,0.0,0.0,0.0,0.0,2.03
1240,Venice,2021-04-28 05:00:15,2021-04-23 03:00:00,nord,0,clear sky,1008,76,8.61,0,0,20,3.6,28/04/2021 03:00:00 AM,nord,0.0,0.0,0.0,0.0,0.0,0.0,2.01
1241,Valle d'Aosta,2021-04-28 05:00:16,2021-04-23 03:00:00,nord,100,overcast clouds,1001,81,6.1,0,0,90,0.45,28/04/2021 03:00:00 AM,nord,0.0,0.0,0.0,0.0,0.0,0.0,2.01
1242,Province of Turin,2021-04-28 05:00:16,2021-04-23 03:00:00,nord,100,light rain,1005,95,9.75,0.18,0,111,0.67,28/04/2021 03:00:00 AM,nord,0.0,0.0,0.0,0.0,0.0,0.0,2.01
1243,Bologna,2021-04-28 05:00:17,2021-04-23 03:00:00,nord,75,mist,1008,94,11.35,0,0,0,0.51,28/04/2021 03:00:00 AM,nord,0.0,0.0,0.0,0.0,0.0,0.0,2.01
1244,Trento,2021-04-28 05:00:17,2021-04-23 03:00:00,nord,90,fog,1008,100,5.66,0,0,360,2.57,28/04/2021 03:00:00 AM,nord,0.0,0.0,0.0,0.0,0.0,0.0,2.01
1245,Provincia di Genova,2021-04-28 05:00:17,2021-04-23 03:00:00,nord,100,overcast clouds,1006,80,12.68,0,0,14,2.24,28/04/2021 03:00:00 AM,nord,0.0,0.0,0.0,0.0,0.0,0.0,2.01
1246,Milan,2021-04-28 04:55:34,2021-04-23 03:00:00,nord,75,broken clouds,1008,82,12.06,0,0,80,1.03,28/04/2021 03:00:00 AM,nord,0.0,0.0,0.0,0.0,0.0,0.0,2.01
1247,Trieste,2021-04-28 05:00:18,2021-04-23 03:00:00,nord,20,few clouds,1008,87,9.86,0,0,120,2.57,28/04/2021 03:00:00 AM,nord,0.0,0.0,0.0,0.0,0.0,0.0,2.01
1248,Provincia di Perugia,2021-04-28 05:00:18,2021-04-23 03:00:00,centro_nord,90,overcast clouds,1007,100,10.85,0,0,350,2.57,28/04/2021 03:00:00 AM,centro_nord,0.0,0.0,0.0,0.0,0.0,0.0,2.01
1249,Florence,2021-04-28 05:00:18,2021-04-23 03:00:00,centro_nord,75,broken clouds,1007,94,12.14,0,0,210,2.06,28/04/2021 03:00:00 AM,centro_nord,0.0,0.0,0.0,0.0,0.0,0.0,2.01
1250,Provincia di Ancona,2021-04-28 05:00:18,2021-04-23 03:00:00,centro_nord,90,overcast clouds,1008,94,10.87,0,0,300,1.54,28/04/2021 03:00:00 AM,centro_nord,0.0,0.0,0.0,0.0,0.0,0.0,2.01
1251,Provincia di Campobasso,2021-04-28 05:00:19,2021-04-23 03:00:00,centro_sud,64,broken clouds,1001,95,12.0,0,0,217,1.74,28/04/2021 03:00:00 AM,centro_sud,0.0,0.0,0.0,0.0,0.0,0.0,2.01
1252,Rome,2021-04-28 05:00:19,2021-04-23 03:00:00,centro_sud,75,broken clouds,1006,94,15.12,0,0,200,3.09,28/04/2021 03:00:00 AM,centro_sud,0.0,0.0,0.0,0.0,0.0,0.0,2.01
1253,L'Aquila,2021-04-28 05:00:19,2021-04-23 03:00:00,centro_sud,97,light rain,1009,94,10.18,0.56,0,132,1.34,28/04/2021 03:00:00 AM,centro_sud,0.0,0.0,0.0,0.0,0.0,0.0,2.01
1254,Naples,2021-04-28 05:00:03,2021-04-23 03:00:00,sud,40,scattered clouds,1008,100,14.58,0,0,0,1.03,28/04/2021 03:00:00 AM,sud,0.0,0.0,0.0,0.0,0.0,0.0,2.01
1255,Bari,2021-04-28 05:00:20,2021-04-23 03:00:00,sud,20,few clouds,1007,94,13.58,0,0,280,2.06,28/04/2021 03:00:00 AM,sud,0.0,0.0,0.0,0.0,0.0,0.0,2.01
1256,Potenza,2021-04-28 05:00:20,2021-04-23 03:00:00,sud,1,clear sky,1011,99,6.67,0,0,284,0.89,28/04/2021 03:00:00 AM,sud,0.0,0.0,0.0,0.0,0.0,0.0,2.01
1257,Province of Palermo,2021-04-28 04:57:24,2021-04-23 03:00:00,sicilia,94,overcast clouds,1003,75,16.48,0,0,254,1.15,28/04/2021 03:00:00 AM,sicilia,0.0,0.0,0.0,0.0,0.0,0.0,2.01
1258,Sardinia,2021-04-28 05:00:20,2021-04-23 03:00:00,sardegna,98,overcast clouds,1005,95,8.89,0,0,201,1.19,28/04/2021 03:00:00 AM,sardegna,0.0,0.0,0.0,0.0,0.0,0.0,2.01
1259,Catanzaro,2021-04-28 04:57:11,2021-04-23 03:00:00,calabria,96,overcast clouds,1006,94,14.41,0,0,40,1.54,28/04/2021 03:00:00 AM,calabria,0.0,0.0,0.0,0.0,0.0,0.0,2.01
1320,Venice,2021-04-28 06:00:19,2021-04-23 04:00:00,nord,0,clear sky,1008,71,9.32,0,0,30,4.12,28/04/2021 04:00:00 AM,nord,0.0,0.0,0.0,0.0,0.0,0.0,2.06
1321,Valle d'Aosta,2021-04-28 06:00:19,2021-04-23 04:00:00,nord,100,overcast clouds,1001,82,6.1,0,0,99,0.89,28/04/2021 04:00:00 AM,nord,0.0,0.0,0.0,0.0,0.0,0.0,2.06
1322,Province of Turin,2021-04-28 06:00:20,2021-04-23 04:00:00,nord,100,overcast clouds,1005,96,9.63,0,0,112,0.76,28/04/2021 04:00:00 AM,nord,0.0,0.0,0.0,0.0,0.0,0.0,2.06
1323,Bologna,2021-04-28 06:00:20,2021-04-23 04:00:00,nord,75,light rain,1008,100,11.08,0.26,0,0,0.51,28/04/2021 04:00:00 AM,nord,0.0,0.0,0.0,0.0,0.0,0.0,2.06
1324,Trento,2021-04-28 06:00:21,2021-04-23 04:00:00,nord,90,fog,1008,100,5.33,0,0,360,3.6,28/04/2021 04:00:00 AM,nord,0.0,0.0,0.0,0.0,0.0,0.0,2.06
1325,Provincia di Genova,2021-04-28 06:00:21,2021-04-23 04:00:00,nord,100,overcast clouds,1006,81,12.79,0,0,47,1.34,28/04/2021 04:00:00 AM,nord,0.0,0.0,0.0,0.0,0.0,0.0,2.06
1326,Milan,2021-04-28 05:59:20,2021-04-23 04:00:00,nord,75,broken clouds,1008,87,11.89,0,0,0,1.03,28/04/2021 04:00:00 AM,nord,0.0,0.0,0.0,0.0,0.0,0.0,2.06
1327,Trieste,2021-04-28 05:56:41,2021-04-23 04:00:00,nord,100,overcast clouds,1007,81,9.43,0,0,120,3.09,28/04/2021 04:00:00 AM,nord,0.0,0.0,0.0,0.0,0.0,0.0,2.06
1328,Provincia di Perugia,2021-04-28 06:00:22,2021-04-23 04:00:00,centro_nord,90,light rain,1006,100,10.85,0.19,0,340,2.57,28/04/2021 04:00:00 AM,centro_nord,0.0,0.0,0.0,0.0,0.0,0.0,2.06
1329,Florence,2021-04-28 06:00:22,2021-04-23 04:00:00,centro_nord,75,moderate rain,1006,100,11.95,1.27,0,220,1.03,28/04/2021 04:00:00 AM,centro_nord,0.0,0.0,0.0,0.0,0.0,0.0,2.06
1330,Provincia di Ancona,2021-04-28 06:00:23,2021-04-23 04:00:00,centro_nord,90,overcast clouds,1008,94,10.87,0,0,240,1.03,28/04/2021 04:00:00 AM,centro_nord,0.0,0.0,0.0,0.0,0.0,0.0,2.06
1331,Provincia di Campobasso,2021-04-28 06:00:23,2021-04-23 04:00:00,centro_sud,71,broken clouds,1002,95,11.43,0,0,213,1.92,28/04/2021 04:00:00 AM,centro_sud,0.0,0.0,0.0,0.0,0.0,0.0,2.06
1332,Rome,2021-04-28 05:56:45,2021-04-23 04:00:00,centro_sud,75,broken clouds,1006,94,15.2,0,0,70,1.03,28/04/2021 04:00:00 AM,centro_sud,0.0,0.0,0.0,0.0,0.0,0.0,2.06
1333,L'Aquila,2021-04-28 06:00:24,2021-04-23 04:00:00,centro_sud,98,heavy intensity rain,1009,94,10.0,7.11,0,246,0.45,28/04/2021 04:00:00 AM,centro_sud,0.0,0.0,0.0,0.0,0.0,0.0,2.06
1334,Naples,2021-04-28 06:00:19,2021-04-23 04:00:00,sud,40,scattered clouds,1008,100,14.58,0,0,0,1.03,28/04/2021 04:00:00 AM,sud,0.0,0.0,0.0,0.0,0.0,0.0,2.06
1335,Bari,2021-04-28 06:00:25,2021-04-23 04:00:00,sud,20,few clouds,1009,88,13.65,0,0,218,0.38,28/04/2021 04:00:00 AM,sud,0.0,0.0,0.0,0.0,0.0,0.0,2.06
1336,Potenza,2021-04-28 06:00:25,2021-04-23 04:00:00,sud,1,clear sky,1011,99,7.22,0,0,225,0.45,28/04/2021 04:00:00 AM,sud,0.0,0.0,0.0,0.0,0.0,0.0,2.06
1337,Province of Palermo,2021-04-28 06:00:26,2021-04-23 04:00:00,sicilia,94,overcast clouds,1008,66,13.72,0,0,5,2.24,28/04/2021 04:00:00 AM,sicilia,0.0,0.0,0.0,0.0,0.0,0.0,2.06
1338,Sardinia,2021-04-28 06:00:26,2021-04-23 04:00:00,sardegna,20,few clouds,1005,82,10.75,0,0,310,5.66,28/04/2021 04:00:00 AM,sardegna,0.0,0.0,0.0,0.0,0.0,0.0,2.06
1339,Catanzaro,2021-04-28 06:00:26,2021-04-23 04:00:00,calabria,97,overcast clouds,1007,94,12.73,0,0,0,1.03,28/04/2021 04:00:00 AM,calabria,0.0,0.0,0.0,0.0,0.0,0.0,2.06
1400,Venice,2021-04-28 07:00:21,2021-04-23 05:00:00,nord,0,clear sky,1008,76,9.13,0,0,30,3.6,28/04/2021 05:00:00 AM,nord,25.29,75.98,20.29,31.77,216.98,27.44,2.08
1401,Valle d'Aosta,2021-04-28 07:00:22,2021-04-23 05:00:00,nord,100,overcast clouds,1001,83,6.09,0,0,93,0.86,28/04/2021 05:00:00 AM,nord,0.62,0.0,0.62,2.46,24.53,7.8,2.08
1402,Province of Turin,2021-04-28 06:57:26,2021-04-23 05:00:00,nord,100,overcast clouds,1005,96,9.63,0,0,112,0.83,28/04/2021 05:00:00 AM,nord,0.33,0.0,0.33,1.33,11.37,5.76,2.08
1403,Bologna,2021-04-28 07:00:22,2021-04-23 05:00:00,nord,75,broken clouds,1008,93,11.08,0,0,70,1.03,28/04/2021 05:00:00 AM,nord,5.42,0.0,5.42,21.66,166.67,22.76,2.08
1404,Trento,2021-04-28 06:58:34,2021-04-23 05:00:00,nord,90,fog,1008,100,5.2,0,0,360,4.12,28/04/2021 05:00:00 AM,nord,13.29,12.33,12.6,25.18,192.16,24.19,2.08
1405,Provincia di Genova,2021-04-28 07:00:23,2021-04-23 05:00:00,nord,100,overcast clouds,1006,81,12.3,0,0,27,4.02,28/04/2021 05:00:00 AM,nord,1.72,0.0,1.72,6.86,65.36,12.92,2.08
1406,Milan,2021-04-28 06:59:20,2021-04-23 05:00:00,nord,75,broken clouds,1008,82,12.01,0,0,80,1.03,28/04/2021 05:00:00 AM,nord,2.5,0.0,2.5,9.99,89.59,15.59,2.08
1407,Trieste,2021-04-28 07:00:23,2021-04-23 05:00:00,nord,0,clear sky,1008,87,9.69,0,0,120,2.57,28/04/2021 05:00:00 AM,nord,11.43,0.0,11.43,45.07,273.63,32.31,2.08
1408,Provincia di Perugia,2021-04-28 07:00:23,2021-04-23 05:00:00,centro_nord,90,light rain,1007,100,10.85,0.24,0,350,2.06,28/04/2021 05:00:00 AM,centro_nord,6.73,0.0,6.73,25.76,190.71,24.66,2.08
1409,Florence,2021-04-28 07:00:24,2021-04-23 05:00:00,centro_nord,75,broken clouds,1007,100,12.27,0,0,190,1.54,28/04/2021 05:00:00 AM,centro_nord,4.54,0.0,4.54,18.15,146.68,20.86,2.08
1410,Provincia di Ancona,2021-04-28 07:00:24,2021-04-23 05:00:00,centro_nord,90,overcast clouds,1008,94,10.87,0,0,0,1.03,28/04/2021 05:00:00 AM,centro_nord,8.09,0.0,8.09,32.38,221.22,27.61,2.08
1411,Provincia di Campobasso,2021-04-28 07:00:24,2021-04-23 05:00:00,centro_sud,75,broken clouds,1006,89,11.13,0,0,217,1.93,28/04/2021 05:00:00 AM,centro_sud,28.07,39.02,25.14,38.77,253.02,29.86,2.08
1412,Rome,2021-04-28 06:59:55,2021-04-23 05:00:00,centro_sud,75,light rain,1006,88,15.2,0.27,0,180,3.6,28/04/2021 05:00:00 AM,centro_sud,6.32,0.0,6.32,21.36,164.75,22.62,2.08
1413,L'Aquila,2021-04-28 07:00:25,2021-04-23 05:00:00,centro_sud,98,overcast clouds,1009,93,10.0,0,0,115,0.45,28/04/2021 05:00:00 AM,centro_sud,9.44,0.0,9.44,31.06,223.44,26.65,2.08
1414,Naples,2021-04-28 06:58:28,2021-04-23 05:00:00,sud,75,broken clouds,1008,94,14.45,0,0,0,0.51,28/04/2021 05:00:00 AM,sud,32.42,131.66,23.65,32.53,220.8,27.74,2.08
1415,Bari,2021-04-28 07:00:25,2021-04-23 05:00:00,sud,0,clear sky,1008,93,13.25,0,0,210,2.06,28/04/2021 05:00:00 AM,sud,57.89,216.16,36.28,58.46,317.77,36.61,2.08
1416,Potenza,2021-04-28 06:58:32,2021-04-23 05:00:00,sud,1,clear sky,1011,98,8.33,0,0,180,0.89,28/04/2021 05:00:00 AM,sud,47.21,210.38,29.37,47.21,286.74,32.71,2.08
1417,Province of Palermo,2021-04-28 07:00:26,2021-04-23 05:00:00,sicilia,95,overcast clouds,1008,70,15.55,0,0,124,3.13,28/04/2021 05:00:00 AM,sicilia,6.8,0.0,6.8,17.85,146.6,20.62,2.08
1418,Sardinia,2021-04-28 07:00:26,2021-04-23 05:00:00,sardegna,99,overcast clouds,1007,92,14.44,0,0,312,1.34,28/04/2021 05:00:00 AM,sardegna,0.0,0.0,0.0,0.01,0.0,0.55,2.08
1419,Catanzaro,2021-04-28 07:00:26,2021-04-23 05:00:00,calabria,97,overcast clouds,1008,100,12.59,0,0,100,2.57,28/04/2021 05:00:00 AM,calabria,16.02,0.0,16.02,48.76,288.62,33.43,2.08
1480,Venice,2021-04-28 08:00:21,2021-04-23 06:00:00,nord,0,clear sky,1008,76,10.2,0,0,40,2.06,28/04/2021 06:00:00 AM,nord,141.92,301.59,69.31,189.59,560.71,62.8,3.5
1481,Valle d'Aosta,2021-04-28 08:00:21,2021-04-23 06:00:00,nord,90,overcast clouds,1008,82,7.19,0,0,100,2.06,28/04/2021 06:00:00 AM,nord,34.51,0.0,34.51,137.8,510.47,52.35,3.5
1482,Province of Turin,2021-04-28 08:00:23,2021-04-23 06:00:00,nord,100,overcast clouds,1005,96,9.75,0,0,115,0.96,28/04/2021 06:00:00 AM,nord,33.4,0.0,33.4,133.6,494.49,52.53,3.5
1483,Bologna,2021-04-28 08:00:23,2021-04-23 06:00:00,nord,75,broken clouds,1009,87,11.35,0,0,0,1.03,28/04/2021 06:00:00 AM,nord,44.34,0.0,44.34,177.36,547.15,60.79,3.5
1484,Trento,2021-04-28 08:00:24,2021-04-23 06:00:00,nord,90,fog,1008,100,6.47,0,0,360,5.14,28/04/2021 06:00:00 AM,nord,94.49,171.87,55.11,179.43,559.83,59.87,3.5
1485,Provincia di Genova,2021-04-28 08:00:24,2021-04-23 06:00:00,nord,100,overcast clouds,1007,80,12.79,0,0,43,2.24,28/04/2021 06:00:00 AM,nord,37.64,0.0,37.64,150.54,515.68,55.93,3.5
1486,Milan,2021-04-28 07:59:24,2021-04-23 06:00:00,nord,75,broken clouds,1008,82,12.81,0,0,80,2.06,28/04/2021 06:00:00 AM,nord,38.3,0.0,38.3,153.22,514.36,56.96,3.5
1487,Trieste,2021-04-28 08:00:24,2021-04-23 06:00:00,nord,0,clear sky,1008,87,11.22,0,0,120,3.09,28/04/2021 06:00:00 AM,nord,52.63,0.0,52.63,208.01,584.44,65.05,3.5
1488,Provincia di Perugia,2021-04-28 08:00:25,2021-04-23 06:00:00,centro_nord,90,overcast clouds,1007,100,11.5,0,0,350,2.06,28/04/2021 06:00:00 AM,centro_nord,48.92,0.0,48.92,188.79,564.26,62.1,3.5
1489,Florence,2021-04-28 08:00:12,2021-04-23 06:00:00,centro_nord,75,broken clouds,1007,94,12.11,0,0,0,1.03,28/04/2021 06:00:00 AM,centro_nord,43.48,0.0,43.48,173.93,543.97,60.11,3.5
1490,Provincia di Ancona,2021-04-28 08:00:25,2021-04-23 06:00:00,centro_nord,90,light rain,1008,100,10.95,0.13,0,260,1.54,28/04/2021 06:00:00 AM,centro_nord,49.2,0.0,49.2,196.79,571.32,63.55,3.5
1491,Provincia di Campobasso,2021-04-28 08:00:26,2021-04-23 06:00:00,centro_sud,76,broken clouds,1002,96,12.37,0,0,216,2.12,28/04/2021 06:00:00 AM,centro_sud,144.35,167.75,100.4,212.7,594.71,64.98,3.5
1492,Rome,2021-04-28 08:00:26,2021-04-23 06:00:00,centro_sud,40,scattered clouds,1007,88,15.16,0,0,170,3.6,28/04/2021 06:00:00 AM,centro_sud,53.18,0.0,53.18,184.73,555.89,61.95,3.5
1493,L'Aquila,2021-04-28 08:00:26,2021-04-23 06:00:00,centro_sud,99,overcast clouds,1009,92,10.56,0,0,256,0.45,28/04/2021 06:00:00 AM,centro_sud,58.51,0.0,58.51,200.43,587.31,62.53,3.5
1494,Naples,2021-04-28 08:00:24,2021-04-23 06:00:00,sud,40,scattered clouds,1008,94,15.76,0,0,0,1.03,28/04/2021 06:00:00 AM,sud,204.35,575.45,57.15,205.0,578.95,64.93,3.5
1495,Bari,2021-04-28 08:00:27,2021-04-23 06:00:00,sud,0,clear sky,1008,94,14.35,0,0,0,0.51,28/04/2021 06:00:00 AM,sud,237.31,599.37,64.13,239.52,615.31,69.39,3.5
1496,Potenza,2021-04-28 08:00:27,2021-04-23 06:00:00,sud,2,clear sky,1011,95,9.44,0,0,180,0.45,28/04/2021 06:00:00 AM,sud,227.37,601.25,61.96,227.38,611.3,66.7,3.5
1497,Province of Palermo,2021-04-28 08:00:27,2021-04-23 06:00:00,sicilia,96,overcast clouds,1009,71,16.85,0,0,125,2.24,28/04/2021 06:00:00 AM,sicilia,68.81,0.0,68.81,191.54,569.19,62.29,3.5
1498,Sardinia,2021-04-28 08:00:28,2021-04-23 06:00:00,sardegna,99,overcast clouds,1007,89,15.56,0,0,308,0.89,28/04/2021 06:00:00 AM,sardegna,39.19,0.0,39.19,137.46,494.1,53.87,3.5
1499,Catanzaro,2021-04-28 08:00:28,2021-04-23 06:00:00,calabria,98,overcast clouds,1009,100,15.07,0,0,70,2.06,28/04/2021 06:00:00 AM,calabria,73.14,0.0,73.14,233.85,613.3,68.16,3.5
1560,Venice,2021-04-28 09:00:22,2021-04-23 07:00:00,nord,0,clear sky,1009,71,12.29,0,0,360,2.57,28/04/2021 07:00:00 AM,nord,251.92,269.66,140.44,373.66,716.95,84.13,5.08
1561,Valle d'Aosta,2021-04-28 09:00:22,2021-04-23 07:00:00,nord,90,overcast clouds,1008,82,7.38,0,0,100,2.06,28/04/2021 07:00:00 AM,nord,80.79,0.0,80.79,319.76,701.13,75.23,5.08
1562,Province of Turin,2021-04-28 09:00:22,2021-04-23 07:00:00,nord,100,overcast clouds,1006,96,9.86,0,0,270,0.45,28/04/2021 07:00:00 AM,nord,80.07,0.0,80.07,316.27,689.71,76.4,5.08
1563,Bologna,2021-04-28 09:00:23,2021-04-23 07:00:00,nord,75,broken clouds,1009,87,11.76,0,0,0,1.03,28/04/2021 07:00:00 AM,nord,91.05,0.0,91.05,364.21,712.45,82.94,5.08
1564,Trento,2021-04-28 09:00:23,2021-04-23 07:00:00,nord,90,fog,1008,100,7.32,0,0,317,0.13,28/04/2021 07:00:00 AM,nord,112.94,21.14,104.53,362.18,720.71,80.88,5.08
1565,Provincia di Genova,2021-04-28 09:00:23,2021-04-23 07:00:00,nord,90,fog,1007,93,12.38,0,0,357,1.93,28/04/2021 07:00:00 AM,nord,84.05,0.0,84.05,336.18,698.88,79.26,5.08
1566,Milan,2021-04-28 09:00:19,2021-04-23 07:00:00,nord,75,broken clouds,1008,82,13.25,0,0,90,2.06,28/04/2021 07:00:00 AM,nord,98.63,0.0,98.63,335.38,693.31,80.12,5.08
1567,Trieste,2021-04-28 09:00:24,2021-04-23 07:00:00,nord,0,clear sky,1007,71,12.4,0,0,230,4.63,28/04/2021 07:00:00 AM,nord,103.14,0.0,103.14,392.18,730.63,85.32,5.08
1568,Provincia di Perugia,2021-04-28 09:00:24,2021-04-23 07:00:00,centro_nord,90,overcast clouds,1007,100,11.59,0,0,360,2.57,28/04/2021 07:00:00 AM,centro_nord,95.7,0.0,95.7,380.95,725.66,83.93,5.08
1569,Florence,2021-04-28 09:00:24,2021-04-23 07:00:00,centro_nord,75,broken clouds,1007,88,12.34,0,0,0,0.51,28/04/2021 07:00:00 AM,centro_nord,90.74,0.0,90.74,362.97,712.8,82.59,5.08
1570,Provincia di Ancona,2021-04-28 09:00:25,2021-04-23 07:00:00,centro_nord,90,overcast clouds,1008,100,11.42,0,0,250,1.54,28/04/2021 07:00:00 AM,centro_nord,96.85,0.0,96.85,387.4,727.32,84.99,5.08
1571,Provincia di Campobasso,2021-04-28 09:00:25,2021-04-23 07:00:00,centro_sud,35,scattered clouds,1003,97,13.5,0,0,212,2.32,28/04/2021 07:00:00 AM,centro_sud,256.55,149.37,190.15,410.22,745.8,85.9,5.08
1572,Rome,2021-04-28 08:58:15,2021-04-23 07:00:00,centro_sud,40,light rain,1007,88,15.74,0.69,0,130,1.54,28/04/2021 07:00:00 AM,centro_sud,143.38,13.08,137.9,379.93,721.8,84.51,5.08
1573,L'Aquila,2021-04-28 09:00:25,2021-04-23 07:00:00,centro_sud,100,overcast clouds,1009,89,10.79,0,0,190,1.62,28/04/2021 07:00:00 AM,centro_sud,125.21,3.55,123.68,396.05,743.42,83.49,5.08
1574,Naples,2021-04-28 09:00:26,2021-04-23 07:00:00,sud,40,scattered clouds,1008,88,15.7,0,0,200,1.54,28/04/2021 07:00:00 AM,sud,402.11,727.77,81.54,404.0,735.43,86.82,5.08
1575,Bari,2021-04-28 09:00:26,2021-04-23 07:00:00,sud,20,few clouds,1008,88,15.98,0,0,0,1.03,28/04/2021 07:00:00 AM,sud,432.45,727.48,90.2,438.11,754.77,89.64,5.08
1576,Potenza,2021-04-28 09:00:26,2021-04-23 07:00:00,sud,0,clear sky,1011,83,12.78,0,0,135,0.45,28/04/2021 07:00:00 AM,sud,428.12,744.25,86.51,428.18,756.83,87.17,5.08
1577,Province of Palermo,2021-04-28 09:00:27,2021-04-23 07:00:00,sicilia,100,overcast clouds,971,63,18.37,0,0,39,0.87,28/04/2021 07:00:00 AM,sicilia,152.18,12.03,146.94,399.44,738.11,85.29,5.08
1578,Sardinia,2021-04-28 09:00:27,2021-04-23 07:00:00,sardegna,20,few clouds,1006,82,16.0,0,0,50,5.14,28/04/2021 07:00:00 AM,sardegna,85.62,0.0,85.62,335.63,696.97,79.49,5.08
1579,Catanzaro,2021-04-28 09:00:27,2021-04-23 07:00:00,calabria,100,overcast clouds,1009,82,18.26,0,0,240,2.06,28/04/2021 07:00:00 AM,calabria,129.34,0.37,129.16,439.33,758.61,89.02,5.08
1640,Venice,2021-04-28 09:59:20,2021-04-23 08:00:00,nord,0,clear sky,1009,62,13.74,0,0,30,2.57,28/04/2021 08:00:00 AM,nord,138.0,0.0,138.0,551.99,806.48,98.83,6.62
1641,Valle d'Aosta,2021-04-28 10:00:21,2021-04-23 08:00:00,nord,90,overcast clouds,1008,76,7.88,0,0,90,3.09,28/04/2021 08:00:00 AM,nord,125.74,0.63,125.41,502.95,803.86,90.6,6.62
1642,Province of Turin,2021-04-28 10:00:21,2021-04-23 08:00:00,nord,75,mist,1009,100,10.43,0,0,111,1.25,28/04/2021 08:00:00 AM,nord,125.23,0.0,125.23,500.91,794.8,92.41,6.62
1643,Bologna,2021-04-28 10:00:22,2021-04-23 08:00:00,nord,75,broken clouds,1009,87,12.57,0,0,0,1.03,28/04/2021 08:00:00 AM,nord,136.69,0.0,136.69,546.77,805.61,98.1,6.62
1644,Trento,2021-04-28 10:00:22,2021-04-23 08:00:00,nord,90,fog,1008,93,9.12,0,0,202,0.45,28/04/2021 08:00:00 AM,nord,186.88,13.63,179.29,540.49,811.78,95.32,6.62
1645,Provincia di Genova,2021-04-28 10:00:22,2021-04-23 08:00:00,nord,75,broken clouds,1007,87,12.44,0,0,2,2.04,28/04/2021 08:00:00 AM,nord,130.31,0.0,130.31,521.23,799.3,95.03,6.62
1646,Milan,2021-04-28 10:00:13,2021-04-23 08:00:00,nord,75,broken clouds,1009,82,14.01,0,0,120,2.57,28/04/2021 08:00:00 AM,nord,247.84,50.36,220.68,516.75,792.74,95.88,6.62
1647,Trieste,2021-04-28 10:00:23,2021-04-23 08:00:00,nord,0,clear sky,1007,67,14.41,0,0,50,2.57,28/04/2021 08:00:00 AM,nord,142.08,0.0,142.08,568.3,815.37,99.36,6.62
1648,Provincia di Perugia,2021-04-28 10:00:23,2021-04-23 08:00:00,centro_nord,90,moderate rain,1007,100,12.38,1.15,0,350,3.6,28/04/2021 08:00:00 AM,centro_nord,143.36,0.0,143.36,567.01,816.43,98.83,6.62
1649,Florence,2021-04-28 10:00:23,2021-04-23 08:00:00,centro_nord,75,broken clouds,1007,88,12.78,0,0,210,2.57,28/04/2021 08:00:00 AM,centro_nord,137.02,0.0,137.02,548.06,807.18,97.91,6.62
1650,Provincia di Ancona,2021-04-28 10:00:24,2021-04-23 08:00:00,centro_nord,90,overcast clouds,1009,94,11.77,0,0,250,1.54,28/04/2021 08:00:00 AM,centro_nord,150.93,0.27,150.78,571.0,815.98,99.68,6.62
1651,Provincia di Campobasso,2021-04-28 10:00:24,2021-04-23 08:00:00,centro_sud,54,broken clouds,1003,91,14.81,0,0,182,1.34,28/04/2021 08:00:00 AM,centro_sud,573.25,713.6,140.04,598.31,831.33,100.18,6.62
1652,Rome,2021-04-28 10:00:00,2021-04-23 08:00:00,centro_sud,75,broken clouds,1007,94,15.77,0,0,210,1.54,28/04/2021 08:00:00 AM,centro_sud,162.63,3.25,160.72,569.42,814.41,99.83,6.62
1653,L'Aquila,2021-04-28 10:00:24,2021-04-23 08:00:00,centro_sud,100,light rain,1010,92,10.79,1,0,186,1.85,28/04/2021 08:00:00 AM,centro_sud,145.96,0.87,145.45,583.86,831.03,97.77,6.62
1654,Naples,2021-04-28 10:00:06,2021-04-23 08:00:00,sud,40,scattered clouds,1008,77,16.56,0,0,200,2.06,28/04/2021 08:00:00 AM,sud,589.89,811.66,97.67,594.44,823.61,101.73,6.62
1655,Bari,2021-04-28 09:58:15,2021-04-23 08:00:00,sud,20,few clouds,1009,77,17.09,0,0,120,2.06,28/04/2021 08:00:00 AM,sud,622.81,828.78,99.62,623.97,835.11,103.55,6.62
1656,Potenza,2021-04-28 10:00:25,2021-04-23 08:00:00,sud,0,clear sky,1012,60,16.11,0,0,231,1.34,28/04/2021 08:00:00 AM,sud,617.54,817.1,108.69,617.54,839.49,101.13,6.62
1657,Province of Palermo,2021-04-28 10:00:25,2021-04-23 08:00:00,sicilia,100,overcast clouds,971,52,20.08,0,0,342,1.76,28/04/2021 08:00:00 AM,sicilia,151.85,0.25,151.69,599.87,830.45,100.7,6.62
1658,Sardinia,2021-04-28 10:00:26,2021-04-23 08:00:00,sardegna,20,few clouds,1006,82,17.0,0,0,40,5.14,28/04/2021 08:00:00 AM,sardegna,135.03,0.0,135.03,534.68,803.65,96.38,6.62
1659,Catanzaro,2021-04-28 10:00:26,2021-04-23 08:00:00,calabria,99,overcast clouds,1009,77,20.01,0,0,230,1.54,28/04/2021 08:00:00 AM,calabria,158.06,0.61,157.67,632.22,840.96,103.21,6.62
