Date,Total Load [MW],Forecast Total load [MW],Bidding zone
2021-07-01 00:00:00,37357.00,36943.00,Italy
2021-07-01 00:15:00,36401.00,37246.00,Italy
2021-07-01 00:30:00,36020.00,36638.00,Italy
2021-07-01 00:45:00,35506.00,36031.00,Italy
2021-07-01 01:00:00,34800.00,35446.00,Italy
2021-07-01 01:15:00,34458.00,34907.00,Italy
2021-07-01 01:30:00,34115.00,34437.00,Italy
2021-07-01 01:45:00,33413.00,34050.00,Italy
2021-07-01 02:00:00,33144.00,33735.00,Italy
2021-07-01 02:15:00,33180.00,33472.00,Italy
2021-07-01 02:30:00,32703.00,33240.00,Italy
2021-07-01 02:45:00,32493.00,33025.00,Italy
2021-07-01 03:00:00,32626.00,32829.00,Italy
2021-07-01 03:15:00,32341.00,32659.00,Italy
2021-07-01 03:30:00,31971.00,32522.00,Italy
2021-07-01 03:45:00,32159.00,32424.00,Italy
2021-07-01 04:00:00,32228.00,32362.00,Italy
2021-07-01 04:15:00,31971.00,32329.00,Italy
2021-07-01 04:30:00,32068.00,32321.00,Italy
2021-07-01 04:45:00,32285.00,32342.00,Italy
2021-07-01 05:00:00,32656.00,32433.00,Italy
2021-07-01 05:15:00,32264.00,32643.00,Italy
2021-07-01 05:30:00,32400.00,33023.00,Italy
2021-07-01 05:45:00,32676.00,33613.00,Italy
2021-07-01 06:00:00,34032.00,34423.00,Italy
2021-07-01 06:15:00,35317.00,35450.00,Italy
2021-07-01 06:30:00,36574.00,36693.00,Italy
2021-07-01 06:45:00,37880.00,38141.00,Italy
2021-07-01 07:00:00,39481.00,39733.00,Italy
2021-07-01 07:15:00,41250.00,41399.00,Italy
2021-07-01 07:30:00,42684.00,43069.00,Italy
2021-07-01 07:45:00,43971.00,44679.00,Italy
2021-07-01 08:00:00,45696.00,46192.00,Italy
2021-07-01 08:15:00,46895.00,47581.00,Italy
2021-07-01 08:30:00,47806.00,48817.00,Italy
2021-07-01 08:45:00,48115.00,49877.00,Italy
2021-07-01 09:00:00,49351.00,50756.00,Italy
2021-07-01 09:15:00,49764.00,51456.00,Italy
2021-07-01 09:30:00,49976.00,51978.00,Italy
2021-07-01 09:45:00,50330.00,52334.00,Italy
2021-07-01 10:00:00,50684.00,52572.00,Italy
2021-07-01 10:15:00,50850.00,52751.00,Italy
2021-07-01 10:30:00,50989.00,52930.00,Italy
2021-07-01 10:45:00,51241.00,53146.00,Italy
2021-07-01 11:00:00,51325.00,53355.00,Italy
2021-07-01 11:15:00,51357.00,53492.00,Italy
2021-07-01 11:30:00,51845.00,53492.00,Italy
2021-07-01 11:45:00,51444.00,53313.00,Italy
2021-07-01 12:00:00,50569.00,53012.00,Italy
2021-07-01 12:15:00,50650.00,52670.00,Italy
2021-07-01 12:30:00,50429.00,52368.00,Italy
2021-07-01 12:45:00,50273.00,52171.00,Italy
2021-07-01 13:00:00,50343.00,52081.00,Italy
2021-07-01 13:15:00,50293.00,52089.00,Italy
2021-07-01 13:30:00,51386.00,52182.00,Italy
2021-07-01 13:45:00,51124.00,52344.00,Italy
2021-07-01 14:00:00,51091.00,52543.00,Italy
2021-07-01 14:15:00,51521.00,52744.00,Italy
2021-07-01 14:30:00,51729.00,52910.00,Italy
2021-07-01 14:45:00,51488.00,53014.00,Italy
2021-07-01 15:00:00,51548.00,53068.00,Italy
2021-07-01 15:15:00,51523.00,53091.00,Italy
2021-07-01 15:30:00,51944.00,53102.00,Italy
2021-07-01 15:45:00,52411.00,53114.00,Italy
2021-07-01 16:00:00,52299.00,53111.00,Italy
2021-07-01 16:15:00,51865.00,53066.00,Italy
2021-07-01 16:30:00,52127.00,52955.00,Italy
2021-07-01 16:45:00,52015.00,52758.00,Italy
2021-07-01 17:00:00,51426.00,52478.00,Italy
2021-07-01 17:15:00,51207.00,52121.00,Italy
2021-07-01 17:30:00,50517.00,51694.00,Italy
2021-07-01 17:45:00,50582.00,51209.00,Italy
2021-07-01 18:00:00,49745.00,50694.00,Italy
2021-07-01 18:15:00,49795.00,50181.00,Italy
2021-07-01 18:30:00,49282.00,49703.00,Italy
2021-07-01 18:45:00,49032.00,49282.00,Italy
2021-07-01 19:00:00,48670.00,48902.00,Italy
2021-07-01 19:15:00,48479.00,48536.00,Italy
2021-07-01 19:30:00,47908.00,48158.00,Italy
2021-07-01 19:45:00,47518.00,47751.00,Italy
2021-07-01 20:00:00,47318.00,47333.00,Italy
2021-07-01 20:15:00,46876.00,46929.00,Italy
2021-07-01 20:30:00,46493.00,46567.00,Italy
2021-07-01 20:45:00,46438.00,46259.00,Italy
2021-07-01 21:00:00,46170.00,45961.00,Italy
2021-07-01 21:15:00,45996.00,45613.00,Italy
2021-07-01 21:30:00,45519.00,45159.00,Italy
2021-07-01 21:45:00,44534.00,44558.00,Italy
2021-07-01 22:00:00,43818.00,43850.00,Italy
2021-07-01 22:15:00,43057.00,43093.00,Italy
2021-07-01 22:30:00,42268.00,42346.00,Italy
2021-07-01 22:45:00,41347.00,41646.00,Italy
2021-07-01 23:00:00,40542.00,40947.00,Italy
2021-07-01 23:15:00,39526.00,40182.00,Italy
2021-07-01 23:30:00,38917.00,39284.00,Italy
2021-07-01 23:45:00,37968.00,38205.00,Italy
2021-07-02 00:00:00,37455.00,36975.00,Italy
2021-07-02 00:15:00,36680.00,37224.00,Italy
2021-07-02 00:30:00,36173.00,36698.00,Italy
2021-07-02 00:45:00,35418.00,36172.00,Italy
2021-07-02 01:00:00,35102.00,35659.00,Italy
2021-07-02 01:15:00,34730.00,35172.00,Italy
2021-07-02 01:30:00,34133.00,34723.00,Italy
2021-07-02 01:45:00,33869.00,34323.00,Italy
2021-07-02 02:00:00,33534.00,33966.00,Italy
2021-07-02 02:15:00,33263.00,33646.00,Italy
2021-07-02 02:30:00,33040.00,33353.00,Italy
2021-07-02 02:45:00,32714.00,33082.00,Italy
2021-07-02 03:00:00,32520.00,32841.00,Italy
2021-07-02 03:15:00,32404.00,32637.00,Italy
2021-07-02 03:30:00,32112.00,32479.00,Italy
2021-07-02 03:45:00,32003.00,32374.00,Italy
2021-07-02 04:00:00,32225.00,32317.00,Italy
2021-07-02 04:15:00,32261.00,32301.00,Italy
2021-07-02 04:30:00,32092.00,32320.00,Italy
2021-07-02 04:45:00,32316.00,32373.00,Italy
2021-07-02 05:00:00,32988.00,32481.00,Italy
2021-07-02 05:15:00,32992.00,32674.00,Italy
2021-07-02 05:30:00,32589.00,32979.00,Italy
2021-07-02 05:45:00,32882.00,33425.00,Italy
2021-07-02 06:00:00,34791.00,34037.00,Italy
2021-07-02 06:15:00,35863.00,34839.00,Italy
2021-07-02 06:30:00,36941.00,35855.00,Italy
2021-07-02 06:45:00,38154.00,37091.00,Italy
2021-07-02 07:00:00,40203.00,38483.00,Italy
2021-07-02 07:15:00,41563.00,39946.00,Italy
2021-07-02 07:30:00,43005.00,41396.00,Italy
2021-07-02 07:45:00,44221.00,42763.00,Italy
2021-07-02 08:00:00,46263.00,44031.00,Italy
2021-07-02 08:15:00,47400.00,45201.00,Italy
2021-07-02 08:30:00,48202.00,46269.00,Italy
2021-07-02 08:45:00,48867.00,47234.00,Italy
2021-07-02 09:00:00,49417.00,48085.00,Italy
2021-07-02 09:15:00,49820.00,48811.00,Italy
2021-07-02 09:30:00,50337.00,49401.00,Italy
2021-07-02 09:45:00,50346.00,49851.00,Italy
2021-07-02 10:00:00,50800.00,50194.00,Italy
2021-07-02 10:15:00,50885.00,50470.00,Italy
2021-07-02 10:30:00,50865.00,50718.00,Italy
2021-07-02 10:45:00,51275.00,50963.00,Italy
2021-07-02 11:00:00,51242.00,51166.00,Italy
2021-07-02 11:15:00,51116.00,51272.00,Italy
2021-07-02 11:30:00,51208.00,51226.00,Italy
2021-07-02 11:45:00,51363.00,50998.00,Italy
2021-07-02 12:00:00,50169.00,50649.00,Italy
2021-07-02 12:15:00,49851.00,50267.00,Italy
2021-07-02 12:30:00,49629.00,49936.00,Italy
2021-07-02 12:45:00,49852.00,49728.00,Italy
2021-07-02 13:00:00,49639.00,49643.00,Italy
2021-07-02 13:15:00,49340.00,49668.00,Italy
2021-07-02 13:30:00,50008.00,49788.00,Italy
2021-07-02 13:45:00,50715.00,49984.00,Italy
2021-07-02 14:00:00,50734.00,50219.00,Italy
2021-07-02 14:15:00,51250.00,50449.00,Italy
2021-07-02 14:30:00,50977.00,50632.00,Italy
2021-07-02 14:45:00,50888.00,50738.00,Italy
2021-07-02 15:00:00,51033.00,50792.00,Italy
2021-07-02 15:15:00,51349.00,50828.00,Italy
2021-07-02 15:30:00,51658.00,50885.00,Italy
2021-07-02 15:45:00,51335.00,50986.00,Italy
2021-07-02 16:00:00,51255.00,51098.00,Italy
2021-07-02 16:15:00,51317.00,51176.00,Italy
2021-07-02 16:30:00,51035.00,51177.00,Italy
2021-07-02 16:45:00,51027.00,51064.00,Italy
2021-07-02 17:00:00,50974.00,50847.00,Italy
2021-07-02 17:15:00,50767.00,50543.00,Italy
2021-07-02 17:30:00,49935.00,50170.00,Italy
2021-07-02 17:45:00,49794.00,49750.00,Italy
2021-07-02 18:00:00,49298.00,49312.00,Italy
2021-07-02 18:15:00,48983.00,48886.00,Italy
2021-07-02 18:30:00,48790.00,48504.00,Italy
2021-07-02 18:45:00,48725.00,48185.00,Italy
2021-07-02 19:00:00,48467.00,47901.00,Italy
2021-07-02 19:15:00,47987.00,47613.00,Italy
2021-07-02 19:30:00,47487.00,47282.00,Italy
2021-07-02 19:45:00,47125.00,46883.00,Italy
2021-07-02 20:00:00,46424.00,46455.00,Italy
2021-07-02 20:15:00,45947.00,46052.00,Italy
2021-07-02 20:30:00,45618.00,45728.00,Italy
2021-07-02 20:45:00,45556.00,45513.00,Italy
2021-07-02 21:00:00,45190.00,45338.00,Italy
2021-07-02 21:15:00,45082.00,45110.00,Italy
2021-07-02 21:30:00,44476.00,44738.00,Italy
2021-07-02 21:45:00,43917.00,44155.00,Italy
2021-07-02 22:00:00,43007.00,43412.00,Italy
2021-07-02 22:15:00,42300.00,42584.00,Italy
2021-07-02 22:30:00,41513.00,41749.00,Italy
2021-07-02 22:45:00,40598.00,40960.00,Italy
2021-07-02 23:00:00,39984.00,40176.00,Italy
2021-07-02 23:15:00,39186.00,39333.00,Italy
2021-07-02 23:30:00,38409.00,38366.00,Italy
2021-07-02 23:45:00,37431.00,37230.00,Italy
2021-07-03 00:00:00,36566.00,35953.00,Italy
2021-07-03 00:15:00,36041.00,35955.00,Italy
2021-07-03 00:30:00,35287.00,35433.00,Italy
2021-07-03 00:45:00,34654.00,34912.00,Italy
2021-07-03 01:00:00,34306.00,34401.00,Italy
2021-07-03 01:15:00,33743.00,33913.00,Italy
2021-07-03 01:30:00,33352.00,33459.00,Italy
2021-07-03 01:45:00,32585.00,33046.00,Italy
2021-07-03 02:00:00,32237.00,32669.00,Italy
2021-07-03 02:15:00,31995.00,32318.00,Italy
2021-07-03 02:30:00,31822.00,31984.00,Italy
2021-07-03 02:45:00,31477.00,31660.00,Italy
2021-07-03 03:00:00,31263.00,31360.00,Italy
2021-07-03 03:15:00,30965.00,31097.00,Italy
2021-07-03 03:30:00,31125.00,30888.00,Italy
2021-07-03 03:45:00,30823.00,30741.00,Italy
2021-07-03 04:00:00,30738.00,30639.00,Italy
2021-07-03 04:15:00,30769.00,30555.00,Italy
2021-07-03 04:30:00,30635.00,30466.00,Italy
2021-07-03 04:45:00,30585.00,30354.00,Italy
2021-07-03 05:00:00,30801.00,30234.00,Italy
2021-07-03 05:15:00,30457.00,30130.00,Italy
2021-07-03 05:30:00,29835.00,30065.00,Italy
2021-07-03 05:45:00,29573.00,30066.00,Italy
2021-07-03 06:00:00,30358.00,30169.00,Italy
2021-07-03 06:15:00,30986.00,30417.00,Italy
2021-07-03 06:30:00,31509.00,30851.00,Italy
2021-07-03 06:45:00,32344.00,31495.00,Italy
2021-07-03 07:00:00,33646.00,32306.00,Italy
2021-07-03 07:15:00,34552.00,33223.00,Italy
2021-07-03 07:30:00,35528.00,34188.00,Italy
2021-07-03 07:45:00,36105.00,35145.00,Italy
2021-07-03 08:00:00,37095.00,36063.00,Italy
2021-07-03 08:15:00,37710.00,36918.00,Italy
2021-07-03 08:30:00,38613.00,37684.00,Italy
2021-07-03 08:45:00,39218.00,38341.00,Italy
2021-07-03 09:00:00,39561.00,38891.00,Italy
2021-07-03 09:15:00,39764.00,39339.00,Italy
2021-07-03 09:30:00,40203.00,39691.00,Italy
2021-07-03 09:45:00,39962.00,39954.00,Italy
2021-07-03 10:00:00,40191.00,40139.00,Italy
2021-07-03 10:15:00,40431.00,40257.00,Italy
2021-07-03 10:30:00,40430.00,40318.00,Italy
2021-07-03 10:45:00,40504.00,40335.00,Italy
2021-07-03 11:00:00,40315.00,40320.00,Italy
2021-07-03 11:15:00,40872.00,40286.00,Italy
2021-07-03 11:30:00,40812.00,40245.00,Italy
2021-07-03 11:45:00,40867.00,40206.00,Italy
2021-07-03 12:00:00,40116.00,40152.00,Italy
2021-07-03 12:15:00,40323.00,40066.00,Italy
2021-07-03 12:30:00,39992.00,39927.00,Italy
2021-07-03 12:45:00,40068.00,39723.00,Italy
2021-07-03 13:00:00,39877.00,39478.00,Italy
2021-07-03 13:15:00,39324.00,39222.00,Italy
2021-07-03 13:30:00,38728.00,38985.00,Italy
2021-07-03 13:45:00,38291.00,38793.00,Italy
2021-07-03 14:00:00,38235.00,38644.00,Italy
2021-07-03 14:15:00,38001.00,38534.00,Italy
2021-07-03 14:30:00,38534.00,38455.00,Italy
2021-07-03 14:45:00,38175.00,38404.00,Italy
2021-07-03 15:00:00,38386.00,38374.00,Italy
2021-07-03 15:15:00,38195.00,38363.00,Italy
2021-07-03 15:30:00,38279.00,38366.00,Italy
2021-07-03 15:45:00,38459.00,38382.00,Italy
2021-07-03 16:00:00,39053.00,38423.00,Italy
2021-07-03 16:15:00,38845.00,38502.00,Italy
2021-07-03 16:30:00,38878.00,38632.00,Italy
2021-07-03 16:45:00,38850.00,38820.00,Italy
2021-07-03 17:00:00,38519.00,39033.00,Italy
2021-07-03 17:15:00,39410.00,39228.00,Italy
2021-07-03 17:30:00,39075.00,39366.00,Italy
2021-07-03 17:45:00,39376.00,39421.00,Italy
2021-07-03 18:00:00,39425.00,39433.00,Italy
2021-07-03 18:15:00,39966.00,39460.00,Italy
2021-07-03 18:30:00,40011.00,39560.00,Italy
2021-07-03 18:45:00,40223.00,39762.00,Italy
2021-07-03 19:00:00,40045.00,39996.00,Italy
2021-07-03 19:15:00,39872.00,40164.00,Italy
2021-07-03 19:30:00,39638.00,40168.00,Italy
2021-07-03 19:45:00,39223.00,39944.00,Italy
2021-07-03 20:00:00,38973.00,39560.00,Italy
2021-07-03 20:15:00,38268.00,39119.00,Italy
2021-07-03 20:30:00,38209.00,38721.00,Italy
2021-07-03 20:45:00,38202.00,38442.00,Italy
2021-07-03 21:00:00,38376.00,38239.00,Italy
2021-07-03 21:15:00,38227.00,38042.00,Italy
2021-07-03 21:30:00,37688.00,37782.00,Italy
2021-07-03 21:45:00,37111.00,37406.00,Italy
2021-07-03 22:00:00,36675.00,36933.00,Italy
2021-07-03 22:15:00,35926.00,36400.00,Italy
2021-07-03 22:30:00,35303.00,35841.00,Italy
2021-07-03 22:45:00,34753.00,35282.00,Italy
2021-07-03 23:00:00,33849.00,34698.00,Italy
2021-07-03 23:15:00,32937.00,34054.00,Italy
2021-07-03 23:30:00,32393.00,33314.00,Italy
2021-07-03 23:45:00,31732.00,32455.00,Italy
2021-07-04 00:00:00,31002.00,31496.00,Italy
2021-07-04 00:15:00,30612.00,31439.00,Italy
2021-07-04 00:30:00,30141.00,30992.00,Italy
2021-07-04 00:45:00,29673.00,30544.00,Italy
2021-07-04 01:00:00,29150.00,30099.00,Italy
2021-07-04 01:15:00,28575.00,29656.00,Italy
2021-07-04 01:30:00,28503.00,29218.00,Italy
2021-07-04 01:45:00,28085.00,28790.00,Italy
2021-07-04 02:00:00,27836.00,28383.00,Italy
2021-07-04 02:15:00,27569.00,28015.00,Italy
2021-07-04 02:30:00,27536.00,27701.00,Italy
2021-07-04 02:45:00,27404.00,27452.00,Italy
2021-07-04 03:00:00,27341.00,27259.00,Italy
2021-07-04 03:15:00,27020.00,27108.00,Italy
2021-07-04 03:30:00,27037.00,26985.00,Italy
2021-07-04 03:45:00,26805.00,26879.00,Italy
2021-07-04 04:00:00,26744.00,26786.00,Italy
2021-07-04 04:15:00,26543.00,26708.00,Italy
2021-07-04 04:30:00,26488.00,26644.00,Italy
2021-07-04 04:45:00,26456.00,26591.00,Italy
2021-07-04 05:00:00,26308.00,26534.00,Italy
2021-07-04 05:15:00,26086.00,26455.00,Italy
2021-07-04 05:30:00,25440.00,26337.00,Italy
2021-07-04 05:45:00,25262.00,26176.00,Italy
2021-07-04 06:00:00,25374.00,26029.00,Italy
2021-07-04 06:15:00,25340.00,25967.00,Italy
2021-07-04 06:30:00,25699.00,26061.00,Italy
2021-07-04 06:45:00,25964.00,26361.00,Italy
2021-07-04 07:00:00,26570.00,26821.00,Italy
2021-07-04 07:15:00,26946.00,27375.00,Italy
2021-07-04 07:30:00,27641.00,27957.00,Italy
2021-07-04 07:45:00,28288.00,28512.00,Italy
2021-07-04 08:00:00,28986.00,29039.00,Italy
2021-07-04 08:15:00,29249.00,29550.00,Italy
2021-07-04 08:30:00,30037.00,30055.00,Italy
2021-07-04 08:45:00,30683.00,30562.00,Italy
2021-07-04 09:00:00,31161.00,31054.00,Italy
2021-07-04 09:15:00,31645.00,31509.00,Italy
2021-07-04 09:30:00,31869.00,31908.00,Italy
2021-07-04 09:45:00,32125.00,32234.00,Italy
2021-07-04 10:00:00,32400.00,32503.00,Italy
2021-07-04 10:15:00,32906.00,32735.00,Italy
2021-07-04 10:30:00,33004.00,32950.00,Italy
2021-07-04 10:45:00,32843.00,33163.00,Italy
2021-07-04 11:00:00,33134.00,33363.00,Italy
2021-07-04 11:15:00,33391.00,33534.00,Italy
2021-07-04 11:30:00,33930.00,33659.00,Italy
2021-07-04 11:45:00,34164.00,33724.00,Italy
2021-07-04 12:00:00,34492.00,33729.00,Italy
2021-07-04 12:15:00,34248.00,33678.00,Italy
2021-07-04 12:30:00,33912.00,33576.00,Italy
2021-07-04 12:45:00,33646.00,33429.00,Italy
2021-07-04 13:00:00,33177.00,33248.00,Italy
2021-07-04 13:15:00,32413.00,33049.00,Italy
2021-07-04 13:30:00,32636.00,32847.00,Italy
2021-07-04 13:45:00,32346.00,32656.00,Italy
2021-07-04 14:00:00,32308.00,32490.00,Italy
2021-07-04 14:15:00,32399.00,32363.00,Italy
2021-07-04 14:30:00,32016.00,32287.00,Italy
2021-07-04 14:45:00,31906.00,32271.00,Italy
2021-07-04 15:00:00,32062.00,32299.00,Italy
2021-07-04 15:15:00,31913.00,32349.00,Italy
2021-07-04 15:30:00,31663.00,32400.00,Italy
2021-07-04 15:45:00,31774.00,32437.00,Italy
2021-07-04 16:00:00,31668.00,32468.00,Italy
2021-07-04 16:15:00,32104.00,32509.00,Italy
2021-07-04 16:30:00,32572.00,32574.00,Italy
2021-07-04 16:45:00,32702.00,32677.00,Italy
2021-07-04 17:00:00,32668.00,32823.00,Italy
2021-07-04 17:15:00,32929.00,33018.00,Italy
2021-07-04 17:30:00,33142.00,33266.00,Italy
2021-07-04 17:45:00,33474.00,33565.00,Italy
2021-07-04 18:00:00,33571.00,33898.00,Italy
2021-07-04 18:15:00,33814.00,34239.00,Italy
2021-07-04 18:30:00,33961.00,34565.00,Italy
2021-07-04 18:45:00,34471.00,34853.00,Italy
2021-07-04 19:00:00,34878.00,35085.00,Italy
2021-07-04 19:15:00,34621.00,35245.00,Italy
2021-07-04 19:30:00,34411.00,35318.00,Italy
2021-07-04 19:45:00,34522.00,35300.00,Italy
2021-07-04 20:00:00,34029.00,35244.00,Italy
2021-07-04 20:15:00,33846.00,35216.00,Italy
2021-07-04 20:30:00,33697.00,35280.00,Italy
2021-07-04 20:45:00,33891.00,35475.00,Italy
2021-07-04 21:00:00,34156.00,35737.00,Italy
2021-07-04 21:15:00,34307.00,35972.00,Italy
2021-07-04 21:30:00,34384.00,36090.00,Italy
2021-07-04 21:45:00,34129.00,36021.00,Italy
2021-07-04 22:00:00,33935.00,35778.00,Italy
2021-07-04 22:15:00,33565.00,35398.00,Italy
2021-07-04 22:30:00,32953.00,34919.00,Italy
2021-07-04 22:45:00,32441.00,34367.00,Italy
2021-07-04 23:00:00,32113.00,33741.00,Italy
2021-07-04 23:15:00,31554.00,33028.00,Italy
2021-07-04 23:30:00,30950.00,32219.00,Italy
2021-07-04 23:45:00,30287.00,31308.00,Italy
2021-07-05 00:00:00,29662.00,30316.00,Italy
2021-07-05 00:15:00,29170.00,30245.00,Italy
2021-07-05 00:30:00,28560.00,29759.00,Italy
2021-07-05 00:45:00,28059.00,29273.00,Italy
2021-07-05 01:00:00,27752.00,28805.00,Italy
2021-07-05 01:15:00,27212.00,28370.00,Italy
2021-07-05 01:30:00,26990.00,27985.00,Italy
2021-07-05 01:45:00,26739.00,27665.00,Italy
2021-07-05 02:00:00,26720.00,27405.00,Italy
2021-07-05 02:15:00,26342.00,27200.00,Italy
2021-07-05 02:30:00,26190.00,27044.00,Italy
2021-07-05 02:45:00,26122.00,26930.00,Italy
2021-07-05 03:00:00,26055.00,26853.00,Italy
2021-07-05 03:15:00,26064.00,26807.00,Italy
2021-07-05 03:30:00,26075.00,26788.00,Italy
2021-07-05 03:45:00,25934.00,26794.00,Italy
2021-07-05 04:00:00,26257.00,26837.00,Italy
2021-07-05 04:15:00,26603.00,26932.00,Italy
2021-07-05 04:30:00,26764.00,27095.00,Italy
2021-07-05 04:45:00,27338.00,27344.00,Italy
2021-07-05 05:00:00,28183.00,27706.00,Italy
2021-07-05 05:15:00,28049.00,28212.00,Italy
2021-07-05 05:30:00,28076.00,28891.00,Italy
2021-07-05 05:45:00,28965.00,29765.00,Italy
2021-07-05 06:00:00,30975.00,30818.00,Italy
2021-07-05 06:15:00,32255.00,32022.00,Italy
2021-07-05 06:30:00,33549.00,33353.00,Italy
2021-07-05 06:45:00,34905.00,34786.00,Italy
2021-07-05 07:00:00,36871.00,36309.00,Italy
2021-07-05 07:15:00,38448.00,37908.00,Italy
2021-07-05 07:30:00,40120.00,39574.00,Italy
2021-07-05 07:45:00,41782.00,41282.00,Italy
2021-07-05 08:00:00,43419.00,42955.00,Italy
2021-07-05 08:15:00,44737.00,44507.00,Italy
2021-07-05 08:30:00,45986.00,45848.00,Italy
2021-07-05 08:45:00,46705.00,46910.00,Italy
2021-07-05 09:00:00,47302.00,47710.00,Italy
2021-07-05 09:15:00,47834.00,48282.00,Italy
2021-07-05 09:30:00,48377.00,48663.00,Italy
2021-07-05 09:45:00,48364.00,48895.00,Italy
2021-07-05 10:00:00,48152.00,49055.00,Italy
2021-07-05 10:15:00,48668.00,49227.00,Italy
2021-07-05 10:30:00,48828.00,49495.00,Italy
2021-07-05 10:45:00,48702.00,49902.00,Italy
2021-07-05 11:00:00,48806.00,50327.00,Italy
2021-07-05 11:15:00,48878.00,50609.00,Italy
2021-07-05 11:30:00,48910.00,50584.00,Italy
2021-07-05 11:45:00,48493.00,50154.00,Italy
2021-07-05 12:00:00,48126.00,49467.00,Italy
2021-07-05 12:15:00,47941.00,48733.00,Italy
2021-07-05 12:30:00,47848.00,48162.00,Italy
2021-07-05 12:45:00,47800.00,47916.00,Italy
2021-07-05 13:00:00,48192.00,47958.00,Italy
2021-07-05 13:15:00,48442.00,48203.00,Italy
2021-07-05 13:30:00,48829.00,48566.00,Italy
2021-07-05 13:45:00,49447.00,48970.00,Italy
2021-07-05 14:00:00,49561.00,49374.00,Italy
2021-07-05 14:15:00,50210.00,49746.00,Italy
2021-07-05 14:30:00,50291.00,50054.00,Italy
2021-07-05 14:45:00,50678.00,50275.00,Italy
2021-07-05 15:00:00,50412.00,50426.00,Italy
2021-07-05 15:15:00,50431.00,50531.00,Italy
2021-07-05 15:30:00,50442.00,50617.00,Italy
2021-07-05 15:45:00,50630.00,50701.00,Italy
2021-07-05 16:00:00,50636.00,50767.00,Italy
2021-07-05 16:15:00,50534.00,50791.00,Italy
2021-07-05 16:30:00,50136.00,50748.00,Italy
2021-07-05 16:45:00,50262.00,50619.00,Italy
2021-07-05 17:00:00,50073.00,50406.00,Italy
2021-07-05 17:15:00,49549.00,50118.00,Italy
2021-07-05 17:30:00,49091.00,49760.00,Italy
2021-07-05 17:45:00,48696.00,49347.00,Italy
2021-07-05 18:00:00,48055.00,48923.00,Italy
2021-07-05 18:15:00,47701.00,48536.00,Italy
2021-07-05 18:30:00,47689.00,48236.00,Italy
2021-07-05 18:45:00,47522.00,48055.00,Italy
2021-07-05 19:00:00,47160.00,47949.00,Italy
2021-07-05 19:15:00,46962.00,47855.00,Italy
2021-07-05 19:30:00,46888.00,47712.00,Italy
2021-07-05 19:45:00,46553.00,47477.00,Italy
2021-07-05 20:00:00,45746.00,47186.00,Italy
2021-07-05 20:15:00,45565.00,46894.00,Italy
2021-07-05 20:30:00,45401.00,46656.00,Italy
2021-07-05 20:45:00,45163.00,46505.00,Italy
2021-07-05 21:00:00,45016.00,46379.00,Italy
2021-07-05 21:15:00,45391.00,46194.00,Italy
2021-07-05 21:30:00,44941.00,45865.00,Italy
2021-07-05 21:45:00,44042.00,45334.00,Italy
2021-07-05 22:00:00,43149.00,44645.00,Italy
2021-07-05 22:15:00,42335.00,43869.00,Italy
2021-07-05 22:30:00,41427.00,43076.00,Italy
2021-07-05 22:45:00,40699.00,42315.00,Italy
2021-07-05 23:00:00,39908.00,41537.00,Italy
2021-07-05 23:15:00,38985.00,40674.00,Italy
2021-07-05 23:30:00,38132.00,39656.00,Italy
2021-07-05 23:45:00,37185.00,38435.00,Italy
2021-07-06 00:00:00,36368.00,37045.00,Italy
2021-07-06 00:15:00,35768.00,36884.00,Italy
2021-07-06 00:30:00,35042.00,36219.00,Italy
2021-07-06 00:45:00,34399.00,35553.00,Italy
2021-07-06 01:00:00,33910.00,34912.00,Italy
2021-07-06 01:15:00,33385.00,34320.00,Italy
2021-07-06 01:30:00,32659.00,33802.00,Italy
2021-07-06 01:45:00,32302.00,33375.00,Italy
2021-07-06 02:00:00,32110.00,33018.00,Italy
2021-07-06 02:15:00,31959.00,32707.00,Italy
2021-07-06 02:30:00,31570.00,32414.00,Italy
2021-07-06 02:45:00,31600.00,32121.00,Italy
2021-07-06 03:00:00,31441.00,31850.00,Italy
2021-07-06 03:15:00,31132.00,31629.00,Italy
2021-07-06 03:30:00,31067.00,31490.00,Italy
2021-07-06 03:45:00,31094.00,31450.00,Italy
2021-07-06 04:00:00,31305.00,31488.00,Italy
2021-07-06 04:15:00,31122.00,31568.00,Italy
2021-07-06 04:30:00,31515.00,31658.00,Italy
2021-07-06 04:45:00,31695.00,31737.00,Italy
2021-07-06 05:00:00,32147.00,31838.00,Italy
2021-07-06 05:15:00,32333.00,32009.00,Italy
2021-07-06 05:30:00,32312.00,32298.00,Italy
2021-07-06 05:45:00,32494.00,32744.00,Italy
2021-07-06 06:00:00,34105.00,33365.00,Italy
2021-07-06 06:15:00,35567.00,34168.00,Italy
2021-07-06 06:30:00,36366.00,35163.00,Italy
2021-07-06 06:45:00,37688.00,36350.00,Italy
2021-07-06 07:00:00,39856.00,37695.00,Italy
2021-07-06 07:15:00,41039.00,39155.00,Italy
2021-07-06 07:30:00,42820.00,40685.00,Italy
2021-07-06 07:45:00,44282.00,42238.00,Italy
2021-07-06 08:00:00,46221.00,43742.00,Italy
2021-07-06 08:15:00,47435.00,45122.00,Italy
2021-07-06 08:30:00,48479.00,46304.00,Italy
2021-07-06 08:45:00,49213.00,47231.00,Italy
2021-07-06 09:00:00,49652.00,47930.00,Italy
2021-07-06 09:15:00,50375.00,48445.00,Italy
2021-07-06 09:30:00,50870.00,48822.00,Italy
2021-07-06 09:45:00,50935.00,49104.00,Italy
2021-07-06 10:00:00,51031.00,49316.00,Italy
2021-07-06 10:15:00,51346.00,49480.00,Italy
2021-07-06 10:30:00,51553.00,49618.00,Italy
2021-07-06 10:45:00,51828.00,49745.00,Italy
2021-07-06 11:00:00,52048.00,49844.00,Italy
2021-07-06 11:15:00,52114.00,49895.00,Italy
2021-07-06 11:30:00,52130.00,49872.00,Italy
2021-07-06 11:45:00,52241.00,49764.00,Italy
2021-07-06 12:00:00,51726.00,49594.00,Italy
2021-07-06 12:15:00,51176.00,49396.00,Italy
2021-07-06 12:30:00,51017.00,49204.00,Italy
2021-07-06 12:45:00,50827.00,49049.00,Italy
2021-07-06 13:00:00,50966.00,48956.00,Italy
2021-07-06 13:15:00,50943.00,48951.00,Italy
2021-07-06 13:30:00,51406.00,49057.00,Italy
2021-07-06 13:45:00,51735.00,49286.00,Italy
2021-07-06 14:00:00,52151.00,49597.00,Italy
2021-07-06 14:15:00,52862.00,49937.00,Italy
2021-07-06 14:30:00,52985.00,50254.00,Italy
2021-07-06 14:45:00,53244.00,50506.00,Italy
2021-07-06 15:00:00,53190.00,50688.00,Italy
2021-07-06 15:15:00,53438.00,50807.00,Italy
2021-07-06 15:30:00,53617.00,50871.00,Italy
2021-07-06 15:45:00,53577.00,50884.00,Italy
2021-07-06 16:00:00,53486.00,50851.00,Italy
2021-07-06 16:15:00,53496.00,50771.00,Italy
2021-07-06 16:30:00,53702.00,50648.00,Italy
2021-07-06 16:45:00,53372.00,50481.00,Italy
2021-07-06 17:00:00,53064.00,50262.00,Italy
2021-07-06 17:15:00,52563.00,49981.00,Italy
2021-07-06 17:30:00,52497.00,49628.00,Italy
2021-07-06 17:45:00,52153.00,49205.00,Italy
2021-07-06 18:00:00,51484.00,48754.00,Italy
2021-07-06 18:15:00,51075.00,48327.00,Italy
2021-07-06 18:30:00,50737.00,47980.00,Italy
2021-07-06 18:45:00,50682.00,47746.00,Italy
2021-07-06 19:00:00,50184.00,47589.00,Italy
2021-07-06 19:15:00,49527.00,47453.00,Italy
2021-07-06 19:30:00,49104.00,47282.00,Italy
2021-07-06 19:45:00,48568.00,47037.00,Italy
2021-07-06 20:00:00,47752.00,46750.00,Italy
2021-07-06 20:15:00,47075.00,46468.00,Italy
2021-07-06 20:30:00,46742.00,46238.00,Italy
2021-07-06 20:45:00,46636.00,46087.00,Italy
2021-07-06 21:00:00,46537.00,45952.00,Italy
2021-07-06 21:15:00,46250.00,45752.00,Italy
2021-07-06 21:30:00,45544.00,45404.00,Italy
2021-07-06 21:45:00,44900.00,44850.00,Italy
2021-07-06 22:00:00,43878.00,44136.00,Italy
2021-07-06 22:15:00,42805.00,43335.00,Italy
2021-07-06 22:30:00,42078.00,42517.00,Italy
2021-07-06 22:45:00,41680.00,41734.00,Italy
2021-07-06 23:00:00,40684.00,40955.00,Italy
2021-07-06 23:15:00,40063.00,40128.00,Italy
2021-07-06 23:30:00,39395.00,39203.00,Italy
2021-07-06 23:45:00,38655.00,38141.00,Italy
2021-07-07 00:00:00,37872.00,36966.00,Italy
2021-07-07 00:15:00,37395.00,37250.00,Italy
2021-07-07 00:30:00,36512.00,36630.00,Italy
2021-07-07 00:45:00,35950.00,36011.00,Italy
2021-07-07 01:00:00,35510.00,35407.00,Italy
2021-07-07 01:15:00,34946.00,34831.00,Italy
2021-07-07 01:30:00,34413.00,34299.00,Italy
2021-07-07 01:45:00,33956.00,33823.00,Italy
2021-07-07 02:00:00,33609.00,33404.00,Italy
2021-07-07 02:15:00,33276.00,33041.00,Italy
2021-07-07 02:30:00,32985.00,32733.00,Italy
2021-07-07 02:45:00,32946.00,32480.00,Italy
2021-07-07 03:00:00,32974.00,32283.00,Italy
2021-07-07 03:15:00,32640.00,32144.00,Italy
2021-07-07 03:30:00,32630.00,32065.00,Italy
2021-07-07 03:45:00,32535.00,32043.00,Italy
2021-07-07 04:00:00,32598.00,32066.00,Italy
2021-07-07 04:15:00,32367.00,32116.00,Italy
2021-07-07 04:30:00,32508.00,32178.00,Italy
2021-07-07 04:45:00,32521.00,32244.00,Italy
2021-07-07 05:00:00,32623.00,32348.00,Italy
2021-07-07 05:15:00,32792.00,32532.00,Italy
2021-07-07 05:30:00,32665.00,32841.00,Italy
2021-07-07 05:45:00,32778.00,33314.00,Italy
2021-07-07 06:00:00,34499.00,33981.00,Italy
2021-07-07 06:15:00,35616.00,34870.00,Italy
2021-07-07 06:30:00,36582.00,36007.00,Italy
2021-07-07 06:45:00,38064.00,37402.00,Italy
2021-07-07 07:00:00,40381.00,38991.00,Italy
2021-07-07 07:15:00,41743.00,40694.00,Italy
2021-07-07 07:30:00,43130.00,42430.00,Italy
2021-07-07 07:45:00,44737.00,44123.00,Italy
2021-07-07 08:00:00,46689.00,45714.00,Italy
2021-07-07 08:15:00,48118.00,47149.00,Italy
2021-07-07 08:30:00,49089.00,48375.00,Italy
2021-07-07 08:45:00,49959.00,49353.00,Italy
2021-07-07 09:00:00,50716.00,50100.00,Italy
2021-07-07 09:15:00,51242.00,50648.00,Italy
2021-07-07 09:30:00,52241.00,51032.00,Italy
2021-07-07 09:45:00,52201.00,51285.00,Italy
2021-07-07 10:00:00,52542.00,51459.00,Italy
2021-07-07 10:15:00,52555.00,51608.00,Italy
2021-07-07 10:30:00,53224.00,51785.00,Italy
2021-07-07 10:45:00,53434.00,52026.00,Italy
2021-07-07 11:00:00,53616.00,52289.00,Italy
2021-07-07 11:15:00,54052.00,52514.00,Italy
2021-07-07 11:30:00,54174.00,52641.00,Italy
2021-07-07 11:45:00,54061.00,52625.00,Italy
2021-07-07 12:00:00,53039.00,52491.00,Italy
2021-07-07 12:15:00,52826.00,52282.00,Italy
2021-07-07 12:30:00,53005.00,52039.00,Italy
2021-07-07 12:45:00,53033.00,51805.00,Italy
2021-07-07 13:00:00,53167.00,51632.00,Italy
2021-07-07 13:15:00,53387.00,51572.00,Italy
2021-07-07 13:30:00,53934.00,51678.00,Italy
2021-07-07 13:45:00,54137.00,51978.00,Italy
2021-07-07 14:00:00,54468.00,52395.00,Italy
2021-07-07 14:15:00,54529.00,52826.00,Italy
2021-07-07 14:30:00,54907.00,53169.00,Italy
2021-07-07 14:45:00,55175.00,53346.00,Italy
2021-07-07 15:00:00,54966.00,53383.00,Italy
2021-07-07 15:15:00,54626.00,53330.00,Italy
2021-07-07 15:30:00,54704.00,53236.00,Italy
2021-07-07 15:45:00,54267.00,53142.00,Italy
2021-07-07 16:00:00,54404.00,53047.00,Italy
2021-07-07 16:15:00,54237.00,52940.00,Italy
2021-07-07 16:30:00,53797.00,52811.00,Italy
2021-07-07 16:45:00,53528.00,52649.00,Italy
2021-07-07 17:00:00,53171.00,52443.00,Italy
2021-07-07 17:15:00,52893.00,52182.00,Italy
2021-07-07 17:30:00,52268.00,51857.00,Italy
2021-07-07 17:45:00,52191.00,51462.00,Italy
2021-07-07 18:00:00,51347.00,51014.00,Italy
2021-07-07 18:15:00,51104.00,50538.00,Italy
2021-07-07 18:30:00,50929.00,50054.00,Italy
2021-07-07 18:45:00,50743.00,49583.00,Italy
2021-07-07 19:00:00,50084.00,49123.00,Italy
2021-07-07 19:15:00,49913.00,48667.00,Italy
2021-07-07 19:30:00,49266.00,48209.00,Italy
2021-07-07 19:45:00,48646.00,47748.00,Italy
2021-07-07 20:00:00,47975.00,47303.00,Italy
2021-07-07 20:15:00,47524.00,46899.00,Italy
2021-07-07 20:30:00,47055.00,46560.00,Italy
2021-07-07 20:45:00,46955.00,46294.00,Italy
2021-07-07 21:00:00,46998.00,46043.00,Italy
2021-07-07 21:15:00,46989.00,45729.00,Italy
2021-07-07 21:30:00,46807.00,45278.00,Italy
2021-07-07 21:45:00,45683.00,44640.00,Italy
2021-07-07 22:00:00,44543.00,43865.00,Italy
2021-07-07 22:15:00,43836.00,43032.00,Italy
2021-07-07 22:30:00,43143.00,42217.00,Italy
2021-07-07 22:45:00,42198.00,41476.00,Italy
2021-07-07 23:00:00,41549.00,40774.00,Italy
2021-07-07 23:15:00,40548.00,40058.00,Italy
2021-07-07 23:30:00,39751.00,39270.00,Italy
2021-07-07 23:45:00,38502.00,38369.00,Italy
2021-07-08 00:00:00,37790.00,37373.00,Italy
2021-07-08 00:15:00,37074.00,37552.00,Italy
2021-07-08 00:30:00,36074.00,36958.00,Italy
2021-07-08 00:45:00,35397.00,36363.00,Italy
2021-07-08 01:00:00,34956.00,35783.00,Italy
2021-07-08 01:15:00,34557.00,35231.00,Italy
2021-07-08 01:30:00,34104.00,34722.00,Italy
2021-07-08 01:45:00,33665.00,34267.00,Italy
2021-07-08 02:00:00,33276.00,33868.00,Italy
2021-07-08 02:15:00,33122.00,33522.00,Italy
2021-07-08 02:30:00,32932.00,33230.00,Italy
2021-07-08 02:45:00,32730.00,32988.00,Italy
2021-07-08 03:00:00,32767.00,32791.00,Italy
2021-07-08 03:15:00,32610.00,32634.00,Italy
2021-07-08 03:30:00,32369.00,32509.00,Italy
2021-07-08 03:45:00,32182.00,32412.00,Italy
2021-07-08 04:00:00,32304.00,32340.00,Italy
2021-07-08 04:15:00,32239.00,32292.00,Italy
2021-07-08 04:30:00,32156.00,32266.00,Italy
2021-07-08 04:45:00,32427.00,32267.00,Italy
2021-07-08 05:00:00,32954.00,32321.00,Italy
2021-07-08 05:15:00,33002.00,32461.00,Italy
2021-07-08 05:30:00,33040.00,32721.00,Italy
2021-07-08 05:45:00,33286.00,33133.00,Italy
2021-07-08 06:00:00,34673.00,33725.00,Italy
2021-07-08 06:15:00,35916.00,34527.00,Italy
2021-07-08 06:30:00,36850.00,35568.00,Italy
2021-07-08 06:45:00,38156.00,36853.00,Italy
2021-07-08 07:00:00,40136.00,38306.00,Italy
2021-07-08 07:15:00,41449.00,39823.00,Italy
2021-07-08 07:30:00,43194.00,41306.00,Italy
2021-07-08 07:45:00,44452.00,42671.00,Italy
2021-07-08 08:00:00,45962.00,43912.00,Italy
2021-07-08 08:15:00,46966.00,45041.00,Italy
2021-07-08 08:30:00,47879.00,46070.00,Italy
2021-07-08 08:45:00,48624.00,47007.00,Italy
2021-07-08 09:00:00,49164.00,47846.00,Italy
2021-07-08 09:15:00,49525.00,48576.00,Italy
2021-07-08 09:30:00,50418.00,49187.00,Italy
2021-07-08 09:45:00,50637.00,49678.00,Italy
2021-07-08 10:00:00,50821.00,50088.00,Italy
2021-07-08 10:15:00,51770.00,50464.00,Italy
2021-07-08 10:30:00,52215.00,50854.00,Italy
2021-07-08 10:45:00,52638.00,51288.00,Italy
2021-07-08 11:00:00,53057.00,51715.00,Italy
2021-07-08 11:15:00,53167.00,52068.00,Italy
2021-07-08 11:30:00,53440.00,52277.00,Italy
2021-07-08 11:45:00,52947.00,52299.00,Italy
2021-07-08 12:00:00,51916.00,52192.00,Italy
2021-07-08 12:15:00,52103.00,52038.00,Italy
2021-07-08 12:30:00,52033.00,51920.00,Italy
2021-07-08 12:45:00,52677.00,51903.00,Italy
2021-07-08 13:00:00,52481.00,51992.00,Italy
2021-07-08 13:15:00,52452.00,52173.00,Italy
2021-07-08 13:30:00,52862.00,52435.00,Italy
2021-07-08 13:45:00,53165.00,52758.00,Italy
2021-07-08 14:00:00,54087.00,53098.00,Italy
2021-07-08 14:15:00,54386.00,53404.00,Italy
2021-07-08 14:30:00,54453.00,53627.00,Italy
2021-07-08 14:45:00,54781.00,53734.00,Italy
2021-07-08 15:00:00,54148.00,53766.00,Italy
2021-07-08 15:15:00,53686.00,53783.00,Italy
2021-07-08 15:30:00,54802.00,53845.00,Italy
2021-07-08 15:45:00,54630.00,53989.00,Italy
2021-07-08 16:00:00,54560.00,54170.00,Italy
2021-07-08 16:15:00,54689.00,54323.00,Italy
2021-07-08 16:30:00,53939.00,54381.00,Italy
2021-07-08 16:45:00,53338.00,54294.00,Italy
2021-07-08 17:00:00,52154.00,54084.00,Italy
2021-07-08 17:15:00,52378.00,53789.00,Italy
2021-07-08 17:30:00,51684.00,53447.00,Italy
2021-07-08 17:45:00,50841.00,53093.00,Italy
2021-07-08 18:00:00,50048.00,52744.00,Italy
2021-07-08 18:15:00,49801.00,52415.00,Italy
2021-07-08 18:30:00,49740.00,52121.00,Italy
2021-07-08 18:45:00,49050.00,51861.00,Italy
2021-07-08 19:00:00,48595.00,51576.00,Italy
2021-07-08 19:15:00,48218.00,51195.00,Italy
2021-07-08 19:30:00,47792.00,50643.00,Italy
2021-07-08 19:45:00,47294.00,49885.00,Italy
2021-07-08 20:00:00,46762.00,49031.00,Italy
2021-07-08 20:15:00,46306.00,48230.00,Italy
2021-07-08 20:30:00,46054.00,47628.00,Italy
2021-07-08 20:45:00,45928.00,47322.00,Italy
2021-07-08 21:00:00,45629.00,47201.00,Italy
2021-07-08 21:15:00,45312.00,47103.00,Italy
2021-07-08 21:30:00,44913.00,46865.00,Italy
2021-07-08 21:45:00,43855.00,46367.00,Italy
2021-07-08 22:00:00,42928.00,45661.00,Italy
2021-07-08 22:15:00,42260.00,44841.00,Italy
2021-07-08 22:30:00,41415.00,44001.00,Italy
2021-07-08 22:45:00,40805.00,43210.00,Italy
2021-07-08 23:00:00,39792.00,42431.00,Italy
2021-07-08 23:15:00,38971.00,41604.00,Italy
2021-07-08 23:30:00,38102.00,40667.00,Italy
2021-07-08 23:45:00,37298.00,39576.00,Italy
2021-07-09 00:00:00,36192.00,38357.00,Italy
2021-07-09 00:15:00,35305.00,38185.00,Italy
2021-07-09 00:30:00,34845.00,37608.00,Italy
2021-07-09 00:45:00,34023.00,37032.00,Italy
2021-07-09 01:00:00,33810.00,36466.00,Italy
2021-07-09 01:15:00,33599.00,35922.00,Italy
2021-07-09 01:30:00,33249.00,35410.00,Italy
2021-07-09 01:45:00,32636.00,34941.00,Italy
2021-07-09 02:00:00,32834.00,34521.00,Italy
2021-07-09 02:15:00,32384.00,34152.00,Italy
2021-07-09 02:30:00,32315.00,33841.00,Italy
2021-07-09 02:45:00,31985.00,33588.00,Italy
2021-07-09 03:00:00,32025.00,33381.00,Italy
2021-07-09 03:15:00,31826.00,33205.00,Italy
2021-07-09 03:30:00,31746.00,33044.00,Italy
2021-07-09 03:45:00,31669.00,32888.00,Italy
2021-07-09 04:00:00,31738.00,32749.00,Italy
2021-07-09 04:15:00,31795.00,32646.00,Italy
2021-07-09 04:30:00,31739.00,32596.00,Italy
2021-07-09 04:45:00,31986.00,32616.00,Italy
2021-07-09 05:00:00,32435.00,32719.00,Italy
2021-07-09 05:15:00,32387.00,32913.00,Italy
2021-07-09 05:30:00,32349.00,33210.00,Italy
2021-07-09 05:45:00,32262.00,33627.00,Italy
2021-07-09 06:00:00,33589.00,34203.00,Italy
2021-07-09 06:15:00,34919.00,34986.00,Italy
2021-07-09 06:30:00,35819.00,36021.00,Italy
2021-07-09 06:45:00,37013.00,37333.00,Italy
2021-07-09 07:00:00,39311.00,38846.00,Italy
2021-07-09 07:15:00,40939.00,40466.00,Italy
2021-07-09 07:30:00,42062.00,42094.00,Italy
2021-07-09 07:45:00,43547.00,43645.00,Italy
2021-07-09 08:00:00,45278.00,45082.00,Italy
2021-07-09 08:15:00,46083.00,46377.00,Italy
2021-07-09 08:30:00,47442.00,47504.00,Italy
2021-07-09 08:45:00,48223.00,48446.00,Italy
2021-07-09 09:00:00,48999.00,49221.00,Italy
2021-07-09 09:15:00,49428.00,49859.00,Italy
2021-07-09 09:30:00,49749.00,50386.00,Italy
2021-07-09 09:45:00,50167.00,50833.00,Italy
2021-07-09 10:00:00,50398.00,51237.00,Italy
2021-07-09 10:15:00,50680.00,51638.00,Italy
2021-07-09 10:30:00,51235.00,52076.00,Italy
2021-07-09 10:45:00,51365.00,52563.00,Italy
2021-07-09 11:00:00,51544.00,53006.00,Italy
2021-07-09 11:15:00,51783.00,53288.00,Italy
2021-07-09 11:30:00,51732.00,53287.00,Italy
2021-07-09 11:45:00,51498.00,52934.00,Italy
2021-07-09 12:00:00,50478.00,52350.00,Italy
2021-07-09 12:15:00,50715.00,51703.00,Italy
2021-07-09 12:30:00,50431.00,51164.00,Italy
2021-07-09 12:45:00,50272.00,50866.00,Italy
2021-07-09 13:00:00,49703.00,50809.00,Italy
2021-07-09 13:15:00,50298.00,50955.00,Italy
2021-07-09 13:30:00,50712.00,51269.00,Italy
2021-07-09 13:45:00,50604.00,51707.00,Italy
2021-07-09 14:00:00,51151.00,52200.00,Italy
2021-07-09 14:15:00,51302.00,52675.00,Italy
2021-07-09 14:30:00,51331.00,53055.00,Italy
2021-07-09 14:45:00,51513.00,53285.00,Italy
2021-07-09 15:00:00,51421.00,53388.00,Italy
2021-07-09 15:15:00,51213.00,53405.00,Italy
2021-07-09 15:30:00,51228.00,53378.00,Italy
2021-07-09 15:45:00,51384.00,53337.00,Italy
2021-07-09 16:00:00,51300.00,53273.00,Italy
2021-07-09 16:15:00,51154.00,53161.00,Italy
2021-07-09 16:30:00,51338.00,52980.00,Italy
2021-07-09 16:45:00,51387.00,52716.00,Italy
2021-07-09 17:00:00,50725.00,52385.00,Italy
2021-07-09 17:15:00,50405.00,52012.00,Italy
2021-07-09 17:30:00,50180.00,51620.00,Italy
2021-07-09 17:45:00,49571.00,51230.00,Italy
2021-07-09 18:00:00,48902.00,50846.00,Italy
2021-07-09 18:15:00,48514.00,50466.00,Italy
2021-07-09 18:30:00,48075.00,50089.00,Italy
2021-07-09 18:45:00,47756.00,49710.00,Italy
2021-07-09 19:00:00,47398.00,49305.00,Italy
2021-07-09 19:15:00,47102.00,48845.00,Italy
2021-07-09 19:30:00,46934.00,48301.00,Italy
2021-07-09 19:45:00,46317.00,47662.00,Italy
2021-07-09 20:00:00,45612.00,46985.00,Italy
2021-07-09 20:15:00,45167.00,46347.00,Italy
2021-07-09 20:30:00,44796.00,45823.00,Italy
2021-07-09 20:45:00,44603.00,45458.00,Italy
2021-07-09 21:00:00,44381.00,45180.00,Italy
2021-07-09 21:15:00,44194.00,44885.00,Italy
2021-07-09 21:30:00,43957.00,44470.00,Italy
2021-07-09 21:45:00,43029.00,43862.00,Italy
2021-07-09 22:00:00,42025.00,43107.00,Italy
2021-07-09 22:15:00,41414.00,42281.00,Italy
2021-07-09 22:30:00,40652.00,41459.00,Italy
2021-07-09 22:45:00,39629.00,40696.00,Italy
2021-07-09 23:00:00,39181.00,39953.00,Italy
2021-07-09 23:15:00,38463.00,39173.00,Italy
2021-07-09 23:30:00,37534.00,38295.00,Italy
2021-07-09 23:45:00,36624.00,37276.00,Italy
2021-07-10 00:00:00,36183.00,36139.00,Italy
2021-07-10 00:15:00,35010.00,36062.00,Italy
2021-07-10 00:30:00,34257.00,35482.00,Italy
2021-07-10 00:45:00,33882.00,34903.00,Italy
2021-07-10 01:00:00,33235.00,34339.00,Italy
2021-07-10 01:15:00,32426.00,33809.00,Italy
2021-07-10 01:30:00,32009.00,33327.00,Italy
2021-07-10 01:45:00,32005.00,32907.00,Italy
2021-07-10 02:00:00,31607.00,32543.00,Italy
2021-07-10 02:15:00,31334.00,32224.00,Italy
2021-07-10 02:30:00,31102.00,31940.00,Italy
2021-07-10 02:45:00,31084.00,31683.00,Italy
2021-07-10 03:00:00,30822.00,31453.00,Italy
2021-07-10 03:15:00,30627.00,31253.00,Italy
2021-07-10 03:30:00,30542.00,31085.00,Italy
2021-07-10 03:45:00,30393.00,30947.00,Italy
2021-07-10 04:00:00,30386.00,30828.00,Italy
2021-07-10 04:15:00,30282.00,30713.00,Italy
2021-07-10 04:30:00,30008.00,30586.00,Italy
2021-07-10 04:45:00,30304.00,30436.00,Italy
2021-07-10 05:00:00,30361.00,30268.00,Italy
2021-07-10 05:15:00,30147.00,30093.00,Italy
2021-07-10 05:30:00,29546.00,29920.00,Italy
2021-07-10 05:45:00,29365.00,29767.00,Italy
2021-07-10 06:00:00,29778.00,29695.00,Italy
2021-07-10 06:15:00,30678.00,29774.00,Italy
2021-07-10 06:30:00,31216.00,30074.00,Italy
2021-07-10 06:45:00,32001.00,30638.00,Italy
2021-07-10 07:00:00,32719.00,31406.00,Italy
2021-07-10 07:15:00,33747.00,32293.00,Italy
2021-07-10 07:30:00,34848.00,33213.00,Italy
2021-07-10 07:45:00,35780.00,34094.00,Italy
2021-07-10 08:00:00,36656.00,34925.00,Italy
2021-07-10 08:15:00,37469.00,35710.00,Italy
2021-07-10 08:30:00,37982.00,36453.00,Italy
2021-07-10 08:45:00,38546.00,37153.00,Italy
2021-07-10 09:00:00,39198.00,37799.00,Italy
2021-07-10 09:15:00,39727.00,38377.00,Italy
2021-07-10 09:30:00,40038.00,38873.00,Italy
2021-07-10 09:45:00,39982.00,39277.00,Italy
2021-07-10 10:00:00,39939.00,39596.00,Italy
2021-07-10 10:15:00,40109.00,39842.00,Italy
2021-07-10 10:30:00,40326.00,40027.00,Italy
2021-07-10 10:45:00,40409.00,40163.00,Italy
2021-07-10 11:00:00,40420.00,40267.00,Italy
2021-07-10 11:15:00,40384.00,40355.00,Italy
2021-07-10 11:30:00,40277.00,40444.00,Italy
2021-07-10 11:45:00,40188.00,40539.00,Italy
2021-07-10 12:00:00,39623.00,40597.00,Italy
2021-07-10 12:15:00,39689.00,40566.00,Italy
2021-07-10 12:30:00,39380.00,40392.00,Italy
2021-07-10 12:45:00,39159.00,40042.00,Italy
2021-07-10 13:00:00,38843.00,39575.00,Italy
2021-07-10 13:15:00,38347.00,39066.00,Italy
2021-07-10 13:30:00,38518.00,38596.00,Italy
2021-07-10 13:45:00,38172.00,38224.00,Italy
2021-07-10 14:00:00,37815.00,37941.00,Italy
2021-07-10 14:15:00,37806.00,37722.00,Italy
2021-07-10 14:30:00,37874.00,37539.00,Italy
2021-07-10 14:45:00,37903.00,37375.00,Italy
2021-07-10 15:00:00,37966.00,37241.00,Italy
2021-07-10 15:15:00,38126.00,37157.00,Italy
2021-07-10 15:30:00,37988.00,37142.00,Italy
2021-07-10 15:45:00,37809.00,37208.00,Italy
2021-07-10 16:00:00,38045.00,37337.00,Italy
2021-07-10 16:15:00,38293.00,37505.00,Italy
2021-07-10 16:30:00,38472.00,37685.00,Italy
2021-07-10 16:45:00,39048.00,37855.00,Italy
2021-07-10 17:00:00,39019.00,38006.00,Italy
2021-07-10 17:15:00,39279.00,38127.00,Italy
2021-07-10 17:30:00,39492.00,38214.00,Italy
2021-07-10 17:45:00,39269.00,38261.00,Italy
2021-07-10 18:00:00,39731.00,38283.00,Italy
2021-07-10 18:15:00,39626.00,38299.00,Italy
2021-07-10 18:30:00,39441.00,38327.00,Italy
2021-07-10 18:45:00,39460.00,38377.00,Italy
2021-07-10 19:00:00,39498.00,38421.00,Italy
2021-07-10 19:15:00,39152.00,38423.00,Italy
2021-07-10 19:30:00,38746.00,38347.00,Italy
2021-07-10 19:45:00,38735.00,38172.00,Italy
2021-07-10 20:00:00,38377.00,37938.00,Italy
2021-07-10 20:15:00,38183.00,37699.00,Italy
2021-07-10 20:30:00,38140.00,37509.00,Italy
2021-07-10 20:45:00,38125.00,37405.00,Italy
2021-07-10 21:00:00,38017.00,37339.00,Italy
2021-07-10 21:15:00,38092.00,37246.00,Italy
2021-07-10 21:30:00,37617.00,37059.00,Italy
2021-07-10 21:45:00,37069.00,36731.00,Italy
2021-07-10 22:00:00,36609.00,36282.00,Italy
2021-07-10 22:15:00,36157.00,35755.00,Italy
2021-07-10 22:30:00,35359.00,35187.00,Italy
2021-07-10 22:45:00,34669.00,34609.00,Italy
2021-07-10 23:00:00,34265.00,34003.00,Italy
2021-07-10 23:15:00,33650.00,33341.00,Italy
2021-07-10 23:30:00,32912.00,32596.00,Italy
2021-07-10 23:45:00,32016.00,31749.00,Italy
2021-07-11 00:00:00,31365.00,30818.00,Italy
2021-07-11 00:15:00,31104.00,30729.00,Italy
2021-07-11 00:30:00,30481.00,30193.00,Italy
2021-07-11 00:45:00,29714.00,29657.00,Italy
2021-07-11 01:00:00,29572.00,29142.00,Italy
2021-07-11 01:15:00,29194.00,28666.00,Italy
2021-07-11 01:30:00,28462.00,28250.00,Italy
2021-07-11 01:45:00,28201.00,27908.00,Italy
2021-07-11 02:00:00,28262.00,27629.00,Italy
2021-07-11 02:15:00,27610.00,27397.00,Italy
2021-07-11 02:30:00,27420.00,27196.00,Italy
2021-07-11 02:45:00,27318.00,27011.00,Italy
2021-07-11 03:00:00,27118.00,26838.00,Italy
2021-07-11 03:15:00,26891.00,26674.00,Italy
2021-07-11 03:30:00,26773.00,26517.00,Italy
2021-07-11 03:45:00,26672.00,26366.00,Italy
2021-07-11 04:00:00,26483.00,26229.00,Italy
2021-07-11 04:15:00,26272.00,26114.00,Italy
2021-07-11 04:30:00,26556.00,26031.00,Italy
2021-07-11 04:45:00,26409.00,25981.00,Italy
2021-07-11 05:00:00,26248.00,25942.00,Italy
2021-07-11 05:15:00,26245.00,25883.00,Italy
2021-07-11 05:30:00,25653.00,25772.00,Italy
2021-07-11 05:45:00,24971.00,25598.00,Italy
2021-07-11 06:00:00,25074.00,25414.00,Italy
2021-07-11 06:15:00,25144.00,25291.00,Italy
2021-07-11 06:30:00,25509.00,25301.00,Italy
2021-07-11 06:45:00,25767.00,25494.00,Italy
2021-07-11 07:00:00,26314.00,25846.00,Italy
2021-07-11 07:15:00,26924.00,26311.00,Italy
2021-07-11 07:30:00,27683.00,26843.00,Italy
2021-07-11 07:45:00,28080.00,27403.00,Italy
2021-07-11 08:00:00,29033.00,27974.00,Italy
2021-07-11 08:15:00,29385.00,28547.00,Italy
2021-07-11 08:30:00,29865.00,29110.00,Italy
2021-07-11 08:45:00,30325.00,29654.00,Italy
2021-07-11 09:00:00,30807.00,30175.00,Italy
2021-07-11 09:15:00,31275.00,30669.00,Italy
2021-07-11 09:30:00,31455.00,31133.00,Italy
2021-07-11 09:45:00,31918.00,31566.00,Italy
2021-07-11 10:00:00,32612.00,31977.00,Italy
2021-07-11 10:15:00,32593.00,32380.00,Italy
2021-07-11 10:30:00,32740.00,32788.00,Italy
2021-07-11 10:45:00,32962.00,33202.00,Italy
2021-07-11 11:00:00,33174.00,33577.00,Italy
2021-07-11 11:15:00,33262.00,33858.00,Italy
2021-07-11 11:30:00,33387.00,33991.00,Italy
2021-07-11 11:45:00,33566.00,33939.00,Italy
2021-07-11 12:00:00,33878.00,33751.00,Italy
2021-07-11 12:15:00,33622.00,33492.00,Italy
2021-07-11 12:30:00,33914.00,33231.00,Italy
2021-07-11 12:45:00,33808.00,33021.00,Italy
2021-07-11 13:00:00,33472.00,32860.00,Italy
2021-07-11 13:15:00,33351.00,32731.00,Italy
2021-07-11 13:30:00,33142.00,32619.00,Italy
2021-07-11 13:45:00,32481.00,32510.00,Italy
2021-07-11 14:00:00,33276.00,32413.00,Italy
2021-07-11 14:15:00,33373.00,32337.00,Italy
2021-07-11 14:30:00,33253.00,32294.00,Italy
2021-07-11 14:45:00,33179.00,32289.00,Italy
2021-07-11 15:00:00,33536.00,32308.00,Italy
2021-07-11 15:15:00,33450.00,32331.00,Italy
2021-07-11 15:30:00,33403.00,32341.00,Italy
2021-07-11 15:45:00,33525.00,32326.00,Italy
2021-07-11 16:00:00,33669.00,32318.00,Italy
2021-07-11 16:15:00,33544.00,32356.00,Italy
2021-07-11 16:30:00,33819.00,32480.00,Italy
2021-07-11 16:45:00,34036.00,32715.00,Italy
2021-07-11 17:00:00,34435.00,33027.00,Italy
2021-07-11 17:15:00,35013.00,33366.00,Italy
2021-07-11 17:30:00,35145.00,33683.00,Italy
2021-07-11 17:45:00,35213.00,33938.00,Italy
2021-07-11 18:00:00,35343.00,34135.00,Italy
2021-07-11 18:15:00,35807.00,34285.00,Italy
2021-07-11 18:30:00,35846.00,34401.00,Italy
2021-07-11 18:45:00,36154.00,34494.00,Italy
2021-07-11 19:00:00,36496.00,34569.00,Italy
2021-07-11 19:15:00,36597.00,34630.00,Italy
2021-07-11 19:30:00,36466.00,34680.00,Italy
2021-07-11 19:45:00,36477.00,34726.00,Italy
2021-07-11 20:00:00,36304.00,34787.00,Italy
2021-07-11 20:15:00,35997.00,34886.00,Italy
2021-07-11 20:30:00,35949.00,35046.00,Italy
2021-07-11 20:45:00,36123.00,35274.00,Italy
2021-07-11 21:00:00,36134.00,35521.00,Italy
2021-07-11 21:15:00,35903.00,35723.00,Italy
2021-07-11 21:30:00,35840.00,35818.00,Italy
2021-07-11 21:45:00,35688.00,35756.00,Italy
2021-07-11 22:00:00,35253.00,35547.00,Italy
2021-07-11 22:15:00,34679.00,35219.00,Italy
2021-07-11 22:30:00,34019.00,34795.00,Italy
2021-07-11 22:45:00,33607.00,34298.00,Italy
2021-07-11 23:00:00,33080.00,33724.00,Italy
2021-07-11 23:15:00,32648.00,33064.00,Italy
2021-07-11 23:30:00,32146.00,32312.00,Italy
2021-07-11 23:45:00,31477.00,31463.00,Italy
2021-07-12 00:00:00,31065.00,30538.00,Italy
2021-07-12 00:15:00,30975.00,30628.00,Italy
2021-07-12 00:30:00,30590.00,30113.00,Italy
2021-07-12 00:45:00,30099.00,29597.00,Italy
2021-07-12 01:00:00,29484.00,29097.00,Italy
2021-07-12 01:15:00,29286.00,28628.00,Italy
2021-07-12 01:30:00,28776.00,28204.00,Italy
2021-07-12 01:45:00,28149.00,27838.00,Italy
2021-07-12 02:00:00,28069.00,27524.00,Italy
2021-07-12 02:15:00,27893.00,27257.00,Italy
2021-07-12 02:30:00,27408.00,27026.00,Italy
2021-07-12 02:45:00,27361.00,26829.00,Italy
2021-07-12 03:00:00,27344.00,26669.00,Italy
2021-07-12 03:15:00,27022.00,26558.00,Italy
2021-07-12 03:30:00,26833.00,26502.00,Italy
2021-07-12 03:45:00,26842.00,26508.00,Italy
2021-07-12 04:00:00,26874.00,26567.00,Italy
2021-07-12 04:15:00,26901.00,26669.00,Italy
2021-07-12 04:30:00,27195.00,26803.00,Italy
2021-07-12 04:45:00,27386.00,26967.00,Italy
2021-07-12 05:00:00,27793.00,27195.00,Italy
2021-07-12 05:15:00,28208.00,27531.00,Italy
2021-07-12 05:30:00,28528.00,28019.00,Italy
2021-07-12 05:45:00,28871.00,28697.00,Italy
2021-07-12 06:00:00,30829.00,29582.00,Italy
2021-07-12 06:15:00,32353.00,30686.00,Italy
2021-07-12 06:30:00,33665.00,32020.00,Italy
2021-07-12 06:45:00,34798.00,33579.00,Italy
2021-07-12 07:00:00,37387.00,35295.00,Italy
2021-07-12 07:15:00,38897.00,37082.00,Italy
2021-07-12 07:30:00,40241.00,38855.00,Italy
2021-07-12 07:45:00,41428.00,40540.00,Italy
2021-07-12 08:00:00,43149.00,42096.00,Italy
2021-07-12 08:15:00,44592.00,43496.00,Italy
2021-07-12 08:30:00,45923.00,44709.00,Italy
2021-07-12 08:45:00,46660.00,45715.00,Italy
2021-07-12 09:00:00,47365.00,46529.00,Italy
2021-07-12 09:15:00,47979.00,47172.00,Italy
2021-07-12 09:30:00,48562.00,47669.00,Italy
2021-07-12 09:45:00,48923.00,48045.00,Italy
2021-07-12 10:00:00,49070.00,48340.00,Italy
2021-07-12 10:15:00,49423.00,48596.00,Italy
2021-07-12 10:30:00,49795.00,48857.00,Italy
2021-07-12 10:45:00,50070.00,49149.00,Italy
2021-07-12 11:00:00,50195.00,49442.00,Italy
2021-07-12 11:15:00,50607.00,49691.00,Italy
2021-07-12 11:30:00,51031.00,49851.00,Italy
2021-07-12 11:45:00,50764.00,49893.00,Italy
2021-07-12 12:00:00,50065.00,49852.00,Italy
2021-07-12 12:15:00,50030.00,49777.00,Italy
2021-07-12 12:30:00,49827.00,49720.00,Italy
2021-07-12 12:45:00,49675.00,49721.00,Italy
2021-07-12 13:00:00,50302.00,49792.00,Italy
2021-07-12 13:15:00,50291.00,49934.00,Italy
2021-07-12 13:30:00,50906.00,50148.00,Italy
2021-07-12 13:45:00,51109.00,50428.00,Italy
2021-07-12 14:00:00,51641.00,50742.00,Italy
2021-07-12 14:15:00,51943.00,51047.00,Italy
2021-07-12 14:30:00,52193.00,51305.00,Italy
2021-07-12 14:45:00,51975.00,51480.00,Italy
2021-07-12 15:00:00,51991.00,51559.00,Italy
2021-07-12 15:15:00,52023.00,51535.00,Italy
2021-07-12 15:30:00,51921.00,51401.00,Italy
2021-07-12 15:45:00,51925.00,51159.00,Italy
2021-07-12 16:00:00,51870.00,50843.00,Italy
2021-07-12 16:15:00,52075.00,50494.00,Italy
2021-07-12 16:30:00,51780.00,50154.00,Italy
2021-07-12 16:45:00,51355.00,49851.00,Italy
2021-07-12 17:00:00,50843.00,49555.00,Italy
2021-07-12 17:15:00,50460.00,49223.00,Italy
2021-07-12 17:30:00,49863.00,48812.00,Italy
2021-07-12 17:45:00,49342.00,48296.00,Italy
2021-07-12 18:00:00,48701.00,47733.00,Italy
2021-07-12 18:15:00,48605.00,47198.00,Italy
2021-07-12 18:30:00,47895.00,46766.00,Italy
2021-07-12 18:45:00,47724.00,46488.00,Italy
2021-07-12 19:00:00,47632.00,46318.00,Italy
2021-07-12 19:15:00,47452.00,46183.00,Italy
2021-07-12 19:30:00,46917.00,46012.00,Italy
2021-07-12 19:45:00,46580.00,45755.00,Italy
2021-07-12 20:00:00,46098.00,45449.00,Italy
2021-07-12 20:15:00,45932.00,45154.00,Italy
2021-07-12 20:30:00,45417.00,44931.00,Italy
2021-07-12 20:45:00,45553.00,44812.00,Italy
2021-07-12 21:00:00,45633.00,44719.00,Italy
2021-07-12 21:15:00,45648.00,44547.00,Italy
2021-07-12 21:30:00,44812.00,44190.00,Italy
2021-07-12 21:45:00,44103.00,43579.00,Italy
2021-07-12 22:00:00,42971.00,42776.00,Italy
2021-07-12 22:15:00,42193.00,41881.00,Italy
2021-07-12 22:30:00,41178.00,40990.00,Italy
2021-07-12 22:45:00,40372.00,40176.00,Italy
2021-07-12 23:00:00,39862.00,39404.00,Italy
2021-07-12 23:15:00,38960.00,38612.00,Italy
2021-07-12 23:30:00,38145.00,37740.00,Italy
2021-07-12 23:45:00,37303.00,36742.00,Italy
2021-07-13 00:00:00,36266.00,35637.00,Italy
2021-07-13 00:15:00,35406.00,35343.00,Italy
2021-07-13 00:30:00,34860.00,34876.00,Italy
2021-07-13 00:45:00,34430.00,34409.00,Italy
2021-07-13 01:00:00,33637.00,33948.00,Italy
2021-07-13 01:15:00,33148.00,33498.00,Italy
2021-07-13 01:30:00,32861.00,33067.00,Italy
2021-07-13 01:45:00,32566.00,32659.00,Italy
2021-07-13 02:00:00,32151.00,32282.00,Italy
2021-07-13 02:15:00,31946.00,31943.00,Italy
2021-07-13 02:30:00,31756.00,31649.00,Italy
2021-07-13 02:45:00,31461.00,31404.00,Italy
2021-07-13 03:00:00,31350.00,31200.00,Italy
2021-07-13 03:15:00,31396.00,31025.00,Italy
2021-07-13 03:30:00,31182.00,30867.00,Italy
2021-07-13 03:45:00,30746.00,30722.00,Italy
2021-07-13 04:00:00,31065.00,30605.00,Italy
2021-07-13 04:15:00,31071.00,30536.00,Italy
2021-07-13 04:30:00,31090.00,30537.00,Italy
2021-07-13 04:45:00,31213.00,30627.00,Italy
2021-07-13 05:00:00,31961.00,30826.00,Italy
2021-07-13 05:15:00,32132.00,31148.00,Italy
2021-07-13 05:30:00,32267.00,31611.00,Italy
2021-07-13 05:45:00,32369.00,32230.00,Italy
2021-07-13 06:00:00,33998.00,33014.00,Italy
2021-07-13 06:15:00,35338.00,33970.00,Italy
2021-07-13 06:30:00,36289.00,35103.00,Italy
2021-07-13 06:45:00,37062.00,36410.00,Italy
2021-07-13 07:00:00,39063.00,37839.00,Italy
2021-07-13 07:15:00,40712.00,39323.00,Italy
2021-07-13 07:30:00,41975.00,40801.00,Italy
2021-07-13 07:45:00,43152.00,42214.00,Italy
2021-07-13 08:00:00,45282.00,43534.00,Italy
2021-07-13 08:15:00,46314.00,44738.00,Italy
2021-07-13 08:30:00,47187.00,45804.00,Italy
2021-07-13 08:45:00,47983.00,46716.00,Italy
2021-07-13 09:00:00,48509.00,47483.00,Italy
2021-07-13 09:15:00,49091.00,48119.00,Italy
2021-07-13 09:30:00,49576.00,48638.00,Italy
2021-07-13 09:45:00,50076.00,49059.00,Italy
2021-07-13 10:00:00,50292.00,49416.00,Italy
2021-07-13 10:15:00,50455.00,49746.00,Italy
2021-07-13 10:30:00,50792.00,50088.00,Italy
2021-07-13 10:45:00,51219.00,50460.00,Italy
2021-07-13 11:00:00,51284.00,50804.00,Italy
2021-07-13 11:15:00,51102.00,51045.00,Italy
2021-07-13 11:30:00,51774.00,51104.00,Italy
2021-07-13 11:45:00,52016.00,50935.00,Italy
2021-07-13 12:00:00,51000.00,50609.00,Italy
2021-07-13 12:15:00,50755.00,50228.00,Italy
2021-07-13 12:30:00,49916.00,49892.00,Italy
2021-07-13 12:45:00,49697.00,49684.00,Italy
2021-07-13 13:00:00,49440.00,49609.00,Italy
2021-07-13 13:15:00,49128.00,49653.00,Italy
2021-07-13 13:30:00,50161.00,49801.00,Italy
2021-07-13 13:45:00,50050.00,50037.00,Italy
2021-07-13 14:00:00,49912.00,50327.00,Italy
2021-07-13 14:15:00,50452.00,50634.00,Italy
2021-07-13 14:30:00,50460.00,50921.00,Italy
2021-07-13 14:45:00,50081.00,51158.00,Italy
2021-07-13 15:00:00,50842.00,51343.00,Italy
2021-07-13 15:15:00,51485.00,51482.00,Italy
2021-07-13 15:30:00,51634.00,51579.00,Italy
2021-07-13 15:45:00,51569.00,51641.00,Italy
2021-07-13 16:00:00,51119.00,51680.00,Italy
2021-07-13 16:15:00,51241.00,51708.00,Italy
2021-07-13 16:30:00,51132.00,51740.00,Italy
2021-07-13 16:45:00,50892.00,51775.00,Italy
2021-07-13 17:00:00,50601.00,51763.00,Italy
2021-07-13 17:15:00,50417.00,51641.00,Italy
2021-07-13 17:30:00,49444.00,51344.00,Italy
2021-07-13 17:45:00,48913.00,50839.00,Italy
2021-07-13 18:00:00,48097.00,50209.00,Italy
2021-07-13 18:15:00,48027.00,49568.00,Italy
2021-07-13 18:30:00,47755.00,49028.00,Italy
2021-07-13 18:45:00,47155.00,48667.00,Italy
2021-07-13 19:00:00,46733.00,48419.00,Italy
2021-07-13 19:15:00,46624.00,48183.00,Italy
2021-07-13 19:30:00,46188.00,47858.00,Italy
2021-07-13 19:45:00,45867.00,47376.00,Italy
2021-07-13 20:00:00,45391.00,46804.00,Italy
2021-07-13 20:15:00,44776.00,46242.00,Italy
2021-07-13 20:30:00,44458.00,45791.00,Italy
2021-07-13 20:45:00,44407.00,45515.00,Italy
2021-07-13 21:00:00,44358.00,45331.00,Italy
2021-07-13 21:15:00,44261.00,45122.00,Italy
2021-07-13 21:30:00,43508.00,44768.00,Italy
2021-07-13 21:45:00,42377.00,44186.00,Italy
2021-07-13 22:00:00,41591.00,43436.00,Italy
2021-07-13 22:15:00,40866.00,42613.00,Italy
2021-07-13 22:30:00,39987.00,41811.00,Italy
2021-07-13 22:45:00,39419.00,41092.00,Italy
2021-07-13 23:00:00,38590.00,40385.00,Italy
2021-07-13 23:15:00,37459.00,39585.00,Italy
2021-07-13 23:30:00,36677.00,38588.00,Italy
2021-07-13 23:45:00,35949.00,37319.00,Italy
2021-07-14 00:00:00,34877.00,35824.00,Italy
2021-07-14 00:15:00,34380.00,34688.00,Italy
2021-07-14 00:30:00,34109.00,34155.00,Italy
2021-07-14 00:45:00,33495.00,33621.00,Italy
2021-07-14 01:00:00,32872.00,33101.00,Italy
2021-07-14 01:15:00,32737.00,32606.00,Italy
2021-07-14 01:30:00,32458.00,32151.00,Italy
2021-07-14 01:45:00,31959.00,31745.00,Italy
2021-07-14 02:00:00,31731.00,31386.00,Italy
2021-07-14 02:15:00,31456.00,31066.00,Italy
2021-07-14 02:30:00,31087.00,30780.00,Italy
2021-07-14 02:45:00,31065.00,30524.00,Italy
2021-07-14 03:00:00,30868.00,30307.00,Italy
2021-07-14 03:15:00,30441.00,30137.00,Italy
2021-07-14 03:30:00,30735.00,30026.00,Italy
2021-07-14 03:45:00,30561.00,29977.00,Italy
2021-07-14 04:00:00,30601.00,29977.00,Italy
2021-07-14 04:15:00,30574.00,30006.00,Italy
2021-07-14 04:30:00,30684.00,30044.00,Italy
2021-07-14 04:45:00,30635.00,30088.00,Italy
2021-07-14 05:00:00,31054.00,30202.00,Italy
2021-07-14 05:15:00,31369.00,30470.00,Italy
2021-07-14 05:30:00,31484.00,30974.00,Italy
2021-07-14 05:45:00,31537.00,31771.00,Italy
2021-07-14 06:00:00,33358.00,32823.00,Italy
2021-07-14 06:15:00,34642.00,34068.00,Italy
2021-07-14 06:30:00,35702.00,35445.00,Italy
2021-07-14 06:45:00,36704.00,36897.00,Italy
2021-07-14 07:00:00,39197.00,38398.00,Italy
2021-07-14 07:15:00,40370.00,39925.00,Italy
2021-07-14 07:30:00,41581.00,41459.00,Italy
2021-07-14 07:45:00,43117.00,42971.00,Italy
2021-07-14 08:00:00,45065.00,44412.00,Italy
2021-07-14 08:15:00,46102.00,45728.00,Italy
2021-07-14 08:30:00,46434.00,46862.00,Italy
2021-07-14 08:45:00,47095.00,47777.00,Italy
2021-07-14 09:00:00,47393.00,48498.00,Italy
2021-07-14 09:15:00,47935.00,49067.00,Italy
2021-07-14 09:30:00,48409.00,49528.00,Italy
2021-07-14 09:45:00,48514.00,49921.00,Italy
2021-07-14 10:00:00,48571.00,50276.00,Italy
2021-07-14 10:15:00,48875.00,50623.00,Italy
2021-07-14 10:30:00,48485.00,50991.00,Italy
2021-07-14 10:45:00,48730.00,51390.00,Italy
2021-07-14 11:00:00,49606.00,51753.00,Italy
2021-07-14 11:15:00,50119.00,51995.00,Italy
2021-07-14 11:30:00,49985.00,52031.00,Italy
2021-07-14 11:45:00,49741.00,51807.00,Italy
2021-07-14 12:00:00,48910.00,51390.00,Italy
2021-07-14 12:15:00,48759.00,50881.00,Italy
2021-07-14 12:30:00,48302.00,50381.00,Italy
2021-07-14 12:45:00,47952.00,49973.00,Italy
2021-07-14 13:00:00,47920.00,49687.00,Italy
2021-07-14 13:15:00,47953.00,49537.00,Italy
2021-07-14 13:30:00,48131.00,49537.00,Italy
2021-07-14 13:45:00,48800.00,49689.00,Italy
2021-07-14 14:00:00,49553.00,49947.00,Italy
2021-07-14 14:15:00,49176.00,50251.00,Italy
2021-07-14 14:30:00,49383.00,50542.00,Italy
2021-07-14 14:45:00,48827.00,50770.00,Italy
2021-07-14 15:00:00,48881.00,50920.00,Italy
2021-07-14 15:15:00,48876.00,50986.00,Italy
2021-07-14 15:30:00,49007.00,50963.00,Italy
2021-07-14 15:45:00,49357.00,50847.00,Italy
2021-07-14 16:00:00,49310.00,50655.00,Italy
2021-07-14 16:15:00,49001.00,50407.00,Italy
2021-07-14 16:30:00,49237.00,50121.00,Italy
2021-07-14 16:45:00,48737.00,49811.00,Italy
2021-07-14 17:00:00,48309.00,49467.00,Italy
2021-07-14 17:15:00,48224.00,49070.00,Italy
2021-07-14 17:30:00,47324.00,48603.00,Italy
2021-07-14 17:45:00,46828.00,48059.00,Italy
2021-07-14 18:00:00,46433.00,47479.00,Italy
2021-07-14 18:15:00,45888.00,46914.00,Italy
2021-07-14 18:30:00,45922.00,46414.00,Italy
2021-07-14 18:45:00,45551.00,46018.00,Italy
2021-07-14 19:00:00,45076.00,45706.00,Italy
2021-07-14 19:15:00,44788.00,45445.00,Italy
2021-07-14 19:30:00,44655.00,45202.00,Italy
2021-07-14 19:45:00,44278.00,44952.00,Italy
2021-07-14 20:00:00,43774.00,44705.00,Italy
2021-07-14 20:15:00,43461.00,44479.00,Italy
2021-07-14 20:30:00,43482.00,44292.00,Italy
2021-07-14 20:45:00,43342.00,44146.00,Italy
2021-07-14 21:00:00,43297.00,43983.00,Italy
2021-07-14 21:15:00,43332.00,43728.00,Italy
2021-07-14 21:30:00,42795.00,43308.00,Italy
2021-07-14 21:45:00,41593.00,42675.00,Italy
2021-07-14 22:00:00,40776.00,41887.00,Italy
2021-07-14 22:15:00,40097.00,41029.00,Italy
2021-07-14 22:30:00,39199.00,40186.00,Italy
2021-07-14 22:45:00,38553.00,39418.00,Italy
2021-07-14 23:00:00,37783.00,38684.00,Italy
2021-07-14 23:15:00,36874.00,37918.00,Italy
2021-07-14 23:30:00,36186.00,37054.00,Italy
2021-07-14 23:45:00,35378.00,36043.00,Italy
2021-07-15 00:00:00,34584.00,34908.00,Italy
2021-07-15 00:15:00,34040.00,34844.00,Italy
2021-07-15 00:30:00,33373.00,34387.00,Italy
2021-07-15 00:45:00,32828.00,33929.00,Italy
2021-07-15 01:00:00,32310.00,33486.00,Italy
2021-07-15 01:15:00,31920.00,33074.00,Italy
2021-07-15 01:30:00,31715.00,32708.00,Italy
2021-07-15 01:45:00,31649.00,32397.00,Italy
2021-07-15 02:00:00,31482.00,32137.00,Italy
2021-07-15 02:15:00,31129.00,31916.00,Italy
2021-07-15 02:30:00,30911.00,31725.00,Italy
2021-07-15 02:45:00,31020.00,31552.00,Italy
2021-07-15 03:00:00,30969.00,31391.00,Italy
2021-07-15 03:15:00,30617.00,31237.00,Italy
2021-07-15 03:30:00,30610.00,31082.00,Italy
2021-07-15 03:45:00,30303.00,30927.00,Italy
2021-07-15 04:00:00,30362.00,30787.00,Italy
2021-07-15 04:15:00,30685.00,30684.00,Italy
2021-07-15 04:30:00,30731.00,30640.00,Italy
2021-07-15 04:45:00,30534.00,30678.00,Italy
2021-07-15 05:00:00,31346.00,30824.00,Italy
2021-07-15 05:15:00,31494.00,31106.00,Italy
2021-07-15 05:30:00,31291.00,31554.00,Italy
2021-07-15 05:45:00,31531.00,32188.00,Italy
2021-07-15 06:00:00,33318.00,33006.00,Italy
2021-07-15 06:15:00,34451.00,33997.00,Italy
2021-07-15 06:30:00,35453.00,35154.00,Italy
2021-07-15 06:45:00,36533.00,36460.00,Italy
2021-07-15 07:00:00,38519.00,37881.00,Italy
2021-07-15 07:15:00,39756.00,39375.00,Italy
2021-07-15 07:30:00,41150.00,40902.00,Italy
2021-07-15 07:45:00,42478.00,42415.00,Italy
2021-07-15 08:00:00,44649.00,43851.00,Italy
2021-07-15 08:15:00,45734.00,45140.00,Italy
2021-07-15 08:30:00,46851.00,46214.00,Italy
2021-07-15 08:45:00,47268.00,47024.00,Italy
2021-07-15 09:00:00,47641.00,47600.00,Italy
2021-07-15 09:15:00,47985.00,47995.00,Italy
2021-07-15 09:30:00,48310.00,48259.00,Italy
2021-07-15 09:45:00,48324.00,48441.00,Italy
2021-07-15 10:00:00,48235.00,48584.00,Italy
2021-07-15 10:15:00,48533.00,48728.00,Italy
2021-07-15 10:30:00,48409.00,48913.00,Italy
2021-07-15 10:45:00,48874.00,49162.00,Italy
2021-07-15 11:00:00,48810.00,49426.00,Italy
2021-07-15 11:15:00,49046.00,49641.00,Italy
2021-07-15 11:30:00,48572.00,49741.00,Italy
2021-07-15 11:45:00,48483.00,49679.00,Italy
2021-07-15 12:00:00,47906.00,49491.00,Italy
2021-07-15 12:15:00,47956.00,49229.00,Italy
2021-07-15 12:30:00,47498.00,48946.00,Italy
2021-07-15 12:45:00,46927.00,48693.00,Italy
2021-07-15 13:00:00,47434.00,48511.00,Italy
2021-07-15 13:15:00,47549.00,48439.00,Italy
2021-07-15 13:30:00,47950.00,48514.00,Italy
2021-07-15 13:45:00,48161.00,48752.00,Italy
2021-07-15 14:00:00,48559.00,49077.00,Italy
2021-07-15 14:15:00,48542.00,49390.00,Italy
2021-07-15 14:30:00,48341.00,49591.00,Italy
2021-07-15 14:45:00,48323.00,49611.00,Italy
2021-07-15 15:00:00,47961.00,49496.00,Italy
2021-07-15 15:15:00,48463.00,49320.00,Italy
2021-07-15 15:30:00,48793.00,49159.00,Italy
2021-07-15 15:45:00,48302.00,49069.00,Italy
2021-07-15 16:00:00,48593.00,49025.00,Italy
2021-07-15 16:15:00,48168.00,48984.00,Italy
2021-07-15 16:30:00,48117.00,48902.00,Italy
2021-07-15 16:45:00,48240.00,48743.00,Italy
2021-07-15 17:00:00,48032.00,48501.00,Italy
2021-07-15 17:15:00,47465.00,48178.00,Italy
2021-07-15 17:30:00,46613.00,47773.00,Italy
2021-07-15 17:45:00,46754.00,47299.00,Italy
2021-07-15 18:00:00,46487.00,46799.00,Italy
2021-07-15 18:15:00,45804.00,46328.00,Italy
2021-07-15 18:30:00,45291.00,45940.00,Italy
2021-07-15 18:45:00,45332.00,45665.00,Italy
2021-07-15 19:00:00,45060.00,45445.00,Italy
2021-07-15 19:15:00,44849.00,45199.00,Italy
2021-07-15 19:30:00,44658.00,44845.00,Italy
2021-07-15 19:45:00,44207.00,44335.00,Italy
2021-07-15 20:00:00,43546.00,43744.00,Italy
2021-07-15 20:15:00,43401.00,43181.00,Italy
2021-07-15 20:30:00,43467.00,42756.00,Italy
2021-07-15 20:45:00,43361.00,42536.00,Italy
2021-07-15 21:00:00,43147.00,42434.00,Italy
2021-07-15 21:15:00,43119.00,42319.00,Italy
2021-07-15 21:30:00,42460.00,42065.00,Italy
2021-07-15 21:45:00,41778.00,41576.00,Italy
2021-07-15 22:00:00,40770.00,40899.00,Italy
2021-07-15 22:15:00,40233.00,40115.00,Italy
2021-07-15 22:30:00,39687.00,39304.00,Italy
2021-07-15 22:45:00,38459.00,38526.00,Italy
2021-07-15 23:00:00,37673.00,37750.00,Italy
2021-07-15 23:15:00,36879.00,36928.00,Italy
2021-07-15 23:30:00,36186.00,36008.00,Italy
2021-07-15 23:45:00,35213.00,34956.00,Italy
2021-07-16 00:00:00,34414.00,33792.00,Italy
2021-07-16 00:15:00,33951.00,33638.00,Italy
2021-07-16 00:30:00,33338.00,33171.00,Italy
2021-07-16 00:45:00,32855.00,32704.00,Italy
2021-07-16 01:00:00,32498.00,32255.00,Italy
2021-07-16 01:15:00,32021.00,31840.00,Italy
2021-07-16 01:30:00,31889.00,31478.00,Italy
2021-07-16 01:45:00,31471.00,31180.00,Italy
2021-07-16 02:00:00,30979.00,30938.00,Italy
2021-07-16 02:15:00,31117.00,30740.00,Italy
2021-07-16 02:30:00,31058.00,30572.00,Italy
2021-07-16 02:45:00,30943.00,30423.00,Italy
2021-07-16 03:00:00,30787.00,30292.00,Italy
2021-07-16 03:15:00,30481.00,30178.00,Italy
2021-07-16 03:30:00,30654.00,30082.00,Italy
2021-07-16 03:45:00,30289.00,30007.00,Italy
2021-07-16 04:00:00,30316.00,29964.00,Italy
2021-07-16 04:15:00,30553.00,29970.00,Italy
2021-07-16 04:30:00,30603.00,30037.00,Italy
2021-07-16 04:45:00,30552.00,30179.00,Italy
2021-07-16 05:00:00,31098.00,30396.00,Italy
2021-07-16 05:15:00,31343.00,30687.00,Italy
2021-07-16 05:30:00,31473.00,31052.00,Italy
2021-07-16 05:45:00,31736.00,31495.00,Italy
2021-07-16 06:00:00,32734.00,32047.00,Italy
2021-07-16 06:15:00,34156.00,32747.00,Italy
2021-07-16 06:30:00,35059.00,33631.00,Italy
2021-07-16 06:45:00,36386.00,34723.00,Italy
2021-07-16 07:00:00,38243.00,35991.00,Italy
2021-07-16 07:15:00,39170.00,37387.00,Italy
2021-07-16 07:30:00,40143.00,38866.00,Italy
2021-07-16 07:45:00,41579.00,40375.00,Italy
2021-07-16 08:00:00,43335.00,41843.00,Italy
2021-07-16 08:15:00,44348.00,43193.00,Italy
2021-07-16 08:30:00,45514.00,44350.00,Italy
2021-07-16 08:45:00,46272.00,45256.00,Italy
2021-07-16 09:00:00,46516.00,45927.00,Italy
2021-07-16 09:15:00,46598.00,46395.00,Italy
2021-07-16 09:30:00,47497.00,46697.00,Italy
2021-07-16 09:45:00,47493.00,46867.00,Italy
2021-07-16 10:00:00,47788.00,46951.00,Italy
2021-07-16 10:15:00,47415.00,46997.00,Italy
2021-07-16 10:30:00,47322.00,47052.00,Italy
2021-07-16 10:45:00,47430.00,47148.00,Italy
2021-07-16 11:00:00,47595.00,47254.00,Italy
2021-07-16 11:15:00,47632.00,47322.00,Italy
2021-07-16 11:30:00,48371.00,47305.00,Italy
2021-07-16 11:45:00,48160.00,47171.00,Italy
2021-07-16 12:00:00,46968.00,46955.00,Italy
2021-07-16 12:15:00,46771.00,46707.00,Italy
2021-07-16 12:30:00,46300.00,46477.00,Italy
2021-07-16 12:45:00,46626.00,46308.00,Italy
2021-07-16 13:00:00,46481.00,46212.00,Italy
2021-07-16 13:15:00,46157.00,46194.00,Italy
2021-07-16 13:30:00,46074.00,46261.00,Italy
2021-07-16 13:45:00,45974.00,46409.00,Italy
2021-07-16 14:00:00,46560.00,46601.00,Italy
2021-07-16 14:15:00,46483.00,46795.00,Italy
2021-07-16 14:30:00,46998.00,46946.00,Italy
2021-07-16 14:45:00,47207.00,47020.00,Italy
2021-07-16 15:00:00,46851.00,47022.00,Italy
2021-07-16 15:15:00,46436.00,46967.00,Italy
2021-07-16 15:30:00,46091.00,46869.00,Italy
2021-07-16 15:45:00,45650.00,46742.00,Italy
2021-07-16 16:00:00,45366.00,46599.00,Italy
2021-07-16 16:15:00,45327.00,46453.00,Italy
2021-07-16 16:30:00,45406.00,46315.00,Italy
2021-07-16 16:45:00,45545.00,46192.00,Italy
2021-07-16 17:00:00,45048.00,46063.00,Italy
2021-07-16 17:15:00,44980.00,45903.00,Italy
2021-07-16 17:30:00,44408.00,45685.00,Italy
2021-07-16 17:45:00,44200.00,45395.00,Italy
2021-07-16 18:00:00,43867.00,45073.00,Italy
2021-07-16 18:15:00,43809.00,44771.00,Italy
2021-07-16 18:30:00,43409.00,44541.00,Italy
2021-07-16 18:45:00,43687.00,44411.00,Italy
2021-07-16 19:00:00,43373.00,44318.00,Italy
2021-07-16 19:15:00,43037.00,44171.00,Italy
2021-07-16 19:30:00,42932.00,43882.00,Italy
2021-07-16 19:45:00,42676.00,43396.00,Italy
2021-07-16 20:00:00,41967.00,42795.00,Italy
2021-07-16 20:15:00,41664.00,42194.00,Italy
2021-07-16 20:30:00,41550.00,41709.00,Italy
2021-07-16 20:45:00,41493.00,41415.00,Italy
2021-07-16 21:00:00,41220.00,41228.00,Italy
2021-07-16 21:15:00,40949.00,41023.00,Italy
2021-07-16 21:30:00,40476.00,40675.00,Italy
2021-07-16 21:45:00,39591.00,40096.00,Italy
2021-07-16 22:00:00,38464.00,39348.00,Italy
2021-07-16 22:15:00,37891.00,38529.00,Italy
2021-07-16 22:30:00,37268.00,37736.00,Italy
2021-07-16 22:45:00,36287.00,37040.00,Italy
2021-07-16 23:00:00,36026.00,36401.00,Italy
2021-07-16 23:15:00,35259.00,35750.00,Italy
2021-07-16 23:30:00,34663.00,35019.00,Italy
2021-07-16 23:45:00,33745.00,34157.00,Italy
2021-07-17 00:00:00,33390.00,33184.00,Italy
2021-07-17 00:15:00,32543.00,33323.00,Italy
2021-07-17 00:30:00,31889.00,32850.00,Italy
2021-07-17 00:45:00,31501.00,32376.00,Italy
2021-07-17 01:00:00,31282.00,31916.00,Italy
2021-07-17 01:15:00,30589.00,31479.00,Italy
2021-07-17 01:30:00,30033.00,31079.00,Italy
2021-07-17 01:45:00,29977.00,30726.00,Italy
2021-07-17 02:00:00,29700.00,30423.00,Italy
2021-07-17 02:15:00,29500.00,30171.00,Italy
2021-07-17 02:30:00,29352.00,29970.00,Italy
2021-07-17 02:45:00,28985.00,29817.00,Italy
2021-07-17 03:00:00,28727.00,29688.00,Italy
2021-07-17 03:15:00,28631.00,29552.00,Italy
2021-07-17 03:30:00,28685.00,29382.00,Italy
2021-07-17 03:45:00,28632.00,29159.00,Italy
2021-07-17 04:00:00,28669.00,28914.00,Italy
2021-07-17 04:15:00,28631.00,28689.00,Italy
2021-07-17 04:30:00,28568.00,28525.00,Italy
2021-07-17 04:45:00,28755.00,28456.00,Italy
2021-07-17 05:00:00,28971.00,28470.00,Italy
2021-07-17 05:15:00,28530.00,28548.00,Italy
2021-07-17 05:30:00,28439.00,28667.00,Italy
2021-07-17 05:45:00,28315.00,28818.00,Italy
2021-07-17 06:00:00,28745.00,29023.00,Italy
2021-07-17 06:15:00,29219.00,29315.00,Italy
2021-07-17 06:30:00,29831.00,29727.00,Italy
2021-07-17 06:45:00,30259.00,30276.00,Italy
2021-07-17 07:00:00,31171.00,30933.00,Italy
2021-07-17 07:15:00,32060.00,31650.00,Italy
2021-07-17 07:30:00,32801.00,32384.00,Italy
2021-07-17 07:45:00,33114.00,33096.00,Italy
2021-07-17 08:00:00,34108.00,33783.00,Italy
2021-07-17 08:15:00,34715.00,34447.00,Italy
2021-07-17 08:30:00,35451.00,35090.00,Italy
2021-07-17 08:45:00,35818.00,35710.00,Italy
2021-07-17 09:00:00,36647.00,36280.00,Italy
2021-07-17 09:15:00,37267.00,36765.00,Italy
2021-07-17 09:30:00,37264.00,37133.00,Italy
2021-07-17 09:45:00,37362.00,37360.00,Italy
2021-07-17 10:00:00,37524.00,37472.00,Italy
2021-07-17 10:15:00,37623.00,37505.00,Italy
2021-07-17 10:30:00,37107.00,37494.00,Italy
2021-07-17 10:45:00,37643.00,37470.00,Italy
2021-07-17 11:00:00,37535.00,37433.00,Italy
2021-07-17 11:15:00,38031.00,37380.00,Italy
2021-07-17 11:30:00,37838.00,37304.00,Italy
2021-07-17 11:45:00,37242.00,37202.00,Italy
2021-07-17 12:00:00,36781.00,37067.00,Italy
2021-07-17 12:15:00,37083.00,36895.00,Italy
2021-07-17 12:30:00,36431.00,36679.00,Italy
2021-07-17 12:45:00,35911.00,36416.00,Italy
2021-07-17 13:00:00,35789.00,36113.00,Italy
2021-07-17 13:15:00,35210.00,35781.00,Italy
2021-07-17 13:30:00,34984.00,35429.00,Italy
2021-07-17 13:45:00,35113.00,35072.00,Italy
2021-07-17 14:00:00,34177.00,34741.00,Italy
2021-07-17 14:15:00,34887.00,34473.00,Italy
2021-07-17 14:30:00,34776.00,34302.00,Italy
2021-07-17 14:45:00,35268.00,34248.00,Italy
2021-07-17 15:00:00,35427.00,34267.00,Italy
2021-07-17 15:15:00,34693.00,34297.00,Italy
2021-07-17 15:30:00,35082.00,34278.00,Italy
2021-07-17 15:45:00,34722.00,34171.00,Italy
2021-07-17 16:00:00,34456.00,34025.00,Italy
2021-07-17 16:15:00,34313.00,33913.00,Italy
2021-07-17 16:30:00,33883.00,33906.00,Italy
2021-07-17 16:45:00,33843.00,34054.00,Italy
2021-07-17 17:00:00,34764.00,34321.00,Italy
2021-07-17 17:15:00,35488.00,34646.00,Italy
2021-07-17 17:30:00,35184.00,34971.00,Italy
2021-07-17 17:45:00,35288.00,35250.00,Italy
2021-07-17 18:00:00,35309.00,35491.00,Italy
2021-07-17 18:15:00,35335.00,35716.00,Italy
2021-07-17 18:30:00,35930.00,35945.00,Italy
2021-07-17 18:45:00,36571.00,36188.00,Italy
2021-07-17 19:00:00,36547.00,36401.00,Italy
2021-07-17 19:15:00,36462.00,36527.00,Italy
2021-07-17 19:30:00,36417.00,36511.00,Italy
2021-07-17 19:45:00,36060.00,36320.00,Italy
2021-07-17 20:00:00,35673.00,36021.00,Italy
2021-07-17 20:15:00,35584.00,35705.00,Italy
2021-07-17 20:30:00,35563.00,35463.00,Italy
2021-07-17 20:45:00,35436.00,35353.00,Italy
2021-07-17 21:00:00,35624.00,35308.00,Italy
2021-07-17 21:15:00,35670.00,35224.00,Italy
2021-07-17 21:30:00,35135.00,35003.00,Italy
2021-07-17 21:45:00,34672.00,34573.00,Italy
2021-07-17 22:00:00,34289.00,33995.00,Italy
2021-07-17 22:15:00,33583.00,33359.00,Italy
2021-07-17 22:30:00,32934.00,32755.00,Italy
2021-07-17 22:45:00,32504.00,32245.00,Italy
2021-07-17 23:00:00,31941.00,31782.00,Italy
2021-07-17 23:15:00,31335.00,31286.00,Italy
2021-07-17 23:30:00,30747.00,30682.00,Italy
2021-07-17 23:45:00,30081.00,29914.00,Italy
2021-07-18 00:00:00,29594.00,29006.00,Italy
2021-07-18 00:15:00,29479.00,28991.00,Italy
2021-07-18 00:30:00,28586.00,28553.00,Italy
2021-07-18 00:45:00,27869.00,28114.00,Italy
2021-07-18 01:00:00,27683.00,27688.00,Italy
2021-07-18 01:15:00,27268.00,27288.00,Italy
2021-07-18 01:30:00,26748.00,26925.00,Italy
2021-07-18 01:45:00,26688.00,26609.00,Italy
2021-07-18 02:00:00,26441.00,26335.00,Italy
2021-07-18 02:15:00,26081.00,26092.00,Italy
2021-07-18 02:30:00,25875.00,25872.00,Italy
2021-07-18 02:45:00,25845.00,25665.00,Italy
2021-07-18 03:00:00,25656.00,25470.00,Italy
2021-07-18 03:15:00,25355.00,25286.00,Italy
2021-07-18 03:30:00,25373.00,25111.00,Italy
2021-07-18 03:45:00,25084.00,24947.00,Italy
2021-07-18 04:00:00,25230.00,24797.00,Italy
2021-07-18 04:15:00,24880.00,24670.00,Italy
2021-07-18 04:30:00,24870.00,24570.00,Italy
2021-07-18 04:45:00,25163.00,24502.00,Italy
2021-07-18 05:00:00,25073.00,24450.00,Italy
2021-07-18 05:15:00,24995.00,24398.00,Italy
2021-07-18 05:30:00,24924.00,24326.00,Italy
2021-07-18 05:45:00,23786.00,24229.00,Italy
2021-07-18 06:00:00,24189.00,24143.00,Italy
2021-07-18 06:15:00,24519.00,24116.00,Italy
2021-07-18 06:30:00,24698.00,24196.00,Italy
2021-07-18 06:45:00,24749.00,24417.00,Italy
2021-07-18 07:00:00,25471.00,24761.00,Italy
2021-07-18 07:15:00,25888.00,25197.00,Italy
2021-07-18 07:30:00,26262.00,25691.00,Italy
2021-07-18 07:45:00,26606.00,26215.00,Italy
2021-07-18 08:00:00,27485.00,26756.00,Italy
2021-07-18 08:15:00,28064.00,27300.00,Italy
2021-07-18 08:30:00,28633.00,27838.00,Italy
2021-07-18 08:45:00,29572.00,28357.00,Italy
2021-07-18 09:00:00,30103.00,28842.00,Italy
2021-07-18 09:15:00,30277.00,29277.00,Italy
2021-07-18 09:30:00,30195.00,29646.00,Italy
2021-07-18 09:45:00,30389.00,29938.00,Italy
2021-07-18 10:00:00,30021.00,30164.00,Italy
2021-07-18 10:15:00,30094.00,30340.00,Italy
2021-07-18 10:30:00,30354.00,30482.00,Italy
2021-07-18 10:45:00,30643.00,30609.00,Italy
2021-07-18 11:00:00,30401.00,30748.00,Italy
2021-07-18 11:15:00,30998.00,30929.00,Italy
2021-07-18 11:30:00,32240.00,31181.00,Italy
2021-07-18 11:45:00,33057.00,31514.00,Italy
2021-07-18 12:00:00,33303.00,31854.00,Italy
2021-07-18 12:15:00,33586.00,32111.00,Italy
2021-07-18 12:30:00,33582.00,32190.00,Italy
2021-07-18 12:45:00,33870.00,32031.00,Italy
2021-07-18 13:00:00,33021.00,31701.00,Italy
2021-07-18 13:15:00,32489.00,31296.00,Italy
2021-07-18 13:30:00,32791.00,30916.00,Italy
2021-07-18 13:45:00,32308.00,30639.00,Italy
2021-07-18 14:00:00,32074.00,30460.00,Italy
2021-07-18 14:15:00,31752.00,30355.00,Italy
2021-07-18 14:30:00,31201.00,30302.00,Italy
2021-07-18 14:45:00,31171.00,30277.00,Italy
2021-07-18 15:00:00,30839.00,30266.00,Italy
2021-07-18 15:15:00,30829.00,30255.00,Italy
2021-07-18 15:30:00,31163.00,30231.00,Italy
2021-07-18 15:45:00,30982.00,30188.00,Italy
2021-07-18 16:00:00,30269.00,30152.00,Italy
2021-07-18 16:15:00,30180.00,30153.00,Italy
2021-07-18 16:30:00,30370.00,30225.00,Italy
2021-07-18 16:45:00,30524.00,30388.00,Italy
2021-07-18 17:00:00,31012.00,30609.00,Italy
2021-07-18 17:15:00,31197.00,30844.00,Italy
2021-07-18 17:30:00,30917.00,31049.00,Italy
2021-07-18 17:45:00,31103.00,31195.00,Italy
2021-07-18 18:00:00,31570.00,31315.00,Italy
2021-07-18 18:15:00,31751.00,31455.00,Italy
2021-07-18 18:30:00,32133.00,31664.00,Italy
2021-07-18 18:45:00,32669.00,31973.00,Italy
2021-07-18 19:00:00,33122.00,32345.00,Italy
2021-07-18 19:15:00,33280.00,32724.00,Italy
2021-07-18 19:30:00,33523.00,33059.00,Italy
2021-07-18 19:45:00,33704.00,33310.00,Italy
2021-07-18 20:00:00,33830.00,33497.00,Italy
2021-07-18 20:15:00,33721.00,33657.00,Italy
2021-07-18 20:30:00,34023.00,33826.00,Italy
2021-07-18 20:45:00,34285.00,34025.00,Italy
2021-07-18 21:00:00,34563.00,34217.00,Italy
2021-07-18 21:15:00,34931.00,34351.00,Italy
2021-07-18 21:30:00,34776.00,34374.00,Italy
2021-07-18 21:45:00,34496.00,34251.00,Italy
2021-07-18 22:00:00,34116.00,34001.00,Italy
2021-07-18 22:15:00,33740.00,33661.00,Italy
2021-07-18 22:30:00,33030.00,33266.00,Italy
2021-07-18 22:45:00,32357.00,32838.00,Italy
2021-07-18 23:00:00,31862.00,32351.00,Italy
2021-07-18 23:15:00,31288.00,31763.00,Italy
2021-07-18 23:30:00,30772.00,31035.00,Italy
2021-07-18 23:45:00,30062.00,30140.00,Italy
