Date,Energy Balance [GWh],Energy Source
2021-07-01 00:00:00,0.64,Geothermal
2021-07-01 00:00:00,4.85,Hydro
2021-07-01 00:00:00,18.36,Thermal
2021-07-01 00:00:00,3.55,Wind
2021-07-01 01:00:00,0.64,Geothermal
2021-07-01 01:00:00,4.77,Hydro
2021-07-01 01:00:00,16.30,Thermal
2021-07-01 01:00:00,3.86,Wind
2021-07-01 02:00:00,0.64,Geothermal
2021-07-01 02:00:00,4.63,Hydro
2021-07-01 02:00:00,14.94,Thermal
2021-07-01 02:00:00,4.02,Wind
2021-07-01 03:00:00,0.64,Geothermal
2021-07-01 03:00:00,4.51,Hydro
2021-07-01 03:00:00,14.01,Thermal
2021-07-01 03:00:00,3.96,Wind
2021-07-01 04:00:00,0.64,Geothermal
2021-07-01 04:00:00,4.77,Hydro
2021-07-01 04:00:00,14.07,Thermal
2021-07-01 04:00:00,3.64,Wind
2021-07-01 05:00:00,0.63,Geothermal
2021-07-01 05:00:00,5.35,Hydro
2021-07-01 05:00:00,14.49,Thermal
2021-07-01 05:00:00,3.39,Wind
2021-07-01 06:00:00,0.62,Geothermal
2021-07-01 06:00:00,5.87,Hydro
2021-07-01 06:00:00,16.74,Thermal
2021-07-01 06:00:00,3.05,Wind
2021-07-01 07:00:00,0.63,Geothermal
2021-07-01 07:00:00,7.08,Hydro
2021-07-01 07:00:00,20.76,Thermal
2021-07-01 07:00:00,2.59,Wind
2021-07-01 08:00:00,0.63,Geothermal
2021-07-01 08:00:00,8.49,Hydro
2021-07-01 08:00:00,21.75,Thermal
2021-07-01 08:00:00,2.34,Wind
2021-07-01 09:00:00,0.63,Geothermal
2021-07-01 09:00:00,8.47,Hydro
2021-07-01 09:00:00,21.47,Thermal
2021-07-01 09:00:00,2.23,Wind
2021-07-01 10:00:00,0.63,Geothermal
2021-07-01 10:00:00,7.78,Hydro
2021-07-01 10:00:00,20.58,Thermal
2021-07-01 10:00:00,2.59,Wind
2021-07-01 11:00:00,0.63,Geothermal
2021-07-01 11:00:00,7.06,Hydro
2021-07-01 11:00:00,19.76,Thermal
2021-07-01 11:00:00,3.25,Wind
2021-07-01 12:00:00,0.63,Geothermal
2021-07-01 12:00:00,5.68,Hydro
2021-07-01 12:00:00,19.06,Thermal
2021-07-01 12:00:00,3.96,Wind
2021-07-01 13:00:00,0.63,Geothermal
2021-07-01 13:00:00,5.36,Hydro
2021-07-01 13:00:00,19.16,Thermal
2021-07-01 13:00:00,4.45,Wind
2021-07-01 14:00:00,0.63,Geothermal
2021-07-01 14:00:00,5.78,Hydro
2021-07-01 14:00:00,20.08,Thermal
2021-07-01 14:00:00,4.42,Wind
2021-07-01 15:00:00,0.63,Geothermal
2021-07-01 15:00:00,6.47,Hydro
2021-07-01 15:00:00,20.86,Thermal
2021-07-01 15:00:00,4.36,Wind
2021-07-01 16:00:00,0.64,Geothermal
2021-07-01 16:00:00,7.30,Hydro
2021-07-01 16:00:00,20.99,Thermal
2021-07-01 16:00:00,4.72,Wind
2021-07-01 17:00:00,0.64,Geothermal
2021-07-01 17:00:00,7.80,Hydro
2021-07-01 17:00:00,22.40,Thermal
2021-07-01 17:00:00,4.72,Wind
2021-07-01 18:00:00,0.65,Geothermal
2021-07-01 18:00:00,8.72,Hydro
2021-07-01 18:00:00,21.98,Thermal
2021-07-01 18:00:00,4.53,Wind
2021-07-01 19:00:00,0.65,Geothermal
2021-07-01 19:00:00,9.57,Hydro
2021-07-01 19:00:00,23.31,Thermal
2021-07-01 19:00:00,3.95,Wind
2021-07-01 20:00:00,0.64,Geothermal
2021-07-01 20:00:00,9.82,Hydro
2021-07-01 20:00:00,23.40,Thermal
2021-07-01 20:00:00,3.38,Wind
2021-07-01 21:00:00,0.64,Geothermal
2021-07-01 21:00:00,9.28,Hydro
2021-07-01 21:00:00,23.43,Thermal
2021-07-01 21:00:00,2.96,Wind
2021-07-01 22:00:00,0.64,Geothermal
2021-07-01 22:00:00,7.97,Hydro
2021-07-01 22:00:00,23.36,Thermal
2021-07-01 22:00:00,2.66,Wind
2021-07-01 23:00:00,0.65,Geothermal
2021-07-01 23:00:00,6.01,Hydro
2021-07-01 23:00:00,21.26,Thermal
2021-07-01 23:00:00,2.49,Wind
2021-07-02 00:00:00,0.65,Geothermal
2021-07-02 00:00:00,7.35,Hydro
2021-07-02 00:00:00,17.78,Thermal
2021-07-02 00:00:00,2.54,Wind
2021-07-02 01:00:00,0.65,Geothermal
2021-07-02 01:00:00,6.12,Hydro
2021-07-02 01:00:00,17.03,Thermal
2021-07-02 01:00:00,2.72,Wind
2021-07-02 02:00:00,0.65,Geothermal
2021-07-02 02:00:00,5.47,Hydro
2021-07-02 02:00:00,16.38,Thermal
2021-07-02 02:00:00,2.75,Wind
2021-07-02 03:00:00,0.65,Geothermal
2021-07-02 03:00:00,4.70,Hydro
2021-07-02 03:00:00,15.03,Thermal
2021-07-02 03:00:00,2.82,Wind
2021-07-02 04:00:00,0.65,Geothermal
2021-07-02 04:00:00,4.61,Hydro
2021-07-02 04:00:00,14.60,Thermal
2021-07-02 04:00:00,2.63,Wind
2021-07-02 05:00:00,0.65,Geothermal
2021-07-02 05:00:00,5.02,Hydro
2021-07-02 05:00:00,15.18,Thermal
2021-07-02 05:00:00,2.38,Wind
2021-07-02 06:00:00,0.65,Geothermal
2021-07-02 06:00:00,6.58,Hydro
2021-07-02 06:00:00,16.81,Thermal
2021-07-02 06:00:00,1.81,Wind
2021-07-02 07:00:00,0.64,Geothermal
2021-07-02 07:00:00,8.54,Hydro
2021-07-02 07:00:00,19.81,Thermal
2021-07-02 07:00:00,1.51,Wind
2021-07-02 08:00:00,0.64,Geothermal
2021-07-02 08:00:00,9.88,Hydro
2021-07-02 08:00:00,21.41,Thermal
2021-07-02 08:00:00,1.12,Wind
2021-07-02 09:00:00,0.64,Geothermal
2021-07-02 09:00:00,9.23,Hydro
2021-07-02 09:00:00,21.31,Thermal
2021-07-02 09:00:00,1.11,Wind
2021-07-02 10:00:00,0.64,Geothermal
2021-07-02 10:00:00,8.65,Hydro
2021-07-02 10:00:00,20.22,Thermal
2021-07-02 10:00:00,1.31,Wind
2021-07-02 11:00:00,0.64,Geothermal
2021-07-02 11:00:00,8.00,Hydro
2021-07-02 11:00:00,19.86,Thermal
2021-07-02 11:00:00,1.61,Wind
2021-07-02 12:00:00,0.64,Geothermal
2021-07-02 12:00:00,7.49,Hydro
2021-07-02 12:00:00,19.05,Thermal
2021-07-02 12:00:00,1.97,Wind
2021-07-02 13:00:00,0.64,Geothermal
2021-07-02 13:00:00,7.08,Hydro
2021-07-02 13:00:00,18.31,Thermal
2021-07-02 13:00:00,2.39,Wind
2021-07-02 14:00:00,0.64,Geothermal
2021-07-02 14:00:00,7.44,Hydro
2021-07-02 14:00:00,19.29,Thermal
2021-07-02 14:00:00,2.65,Wind
2021-07-02 15:00:00,0.64,Geothermal
2021-07-02 15:00:00,7.77,Hydro
2021-07-02 15:00:00,20.14,Thermal
2021-07-02 15:00:00,2.77,Wind
2021-07-02 16:00:00,0.64,Geothermal
2021-07-02 16:00:00,8.18,Hydro
2021-07-02 16:00:00,20.42,Thermal
2021-07-02 16:00:00,2.87,Wind
2021-07-02 17:00:00,0.64,Geothermal
2021-07-02 17:00:00,8.48,Hydro
2021-07-02 17:00:00,21.49,Thermal
2021-07-02 17:00:00,2.69,Wind
2021-07-02 18:00:00,0.65,Geothermal
2021-07-02 18:00:00,9.53,Hydro
2021-07-02 18:00:00,21.89,Thermal
2021-07-02 18:00:00,2.02,Wind
2021-07-02 19:00:00,0.65,Geothermal
2021-07-02 19:00:00,10.85,Hydro
2021-07-02 19:00:00,22.44,Thermal
2021-07-02 19:00:00,1.44,Wind
2021-07-02 20:00:00,0.65,Geothermal
2021-07-02 20:00:00,11.16,Hydro
2021-07-02 20:00:00,21.69,Thermal
2021-07-02 20:00:00,1.30,Wind
2021-07-02 21:00:00,0.65,Geothermal
2021-07-02 21:00:00,9.81,Hydro
2021-07-02 21:00:00,21.67,Thermal
2021-07-02 21:00:00,1.34,Wind
2021-07-02 22:00:00,0.65,Geothermal
2021-07-02 22:00:00,8.13,Hydro
2021-07-02 22:00:00,21.21,Thermal
2021-07-02 22:00:00,1.38,Wind
2021-07-02 23:00:00,0.65,Geothermal
2021-07-02 23:00:00,6.98,Hydro
2021-07-02 23:00:00,19.85,Thermal
2021-07-02 23:00:00,1.34,Wind
2021-07-03 00:00:00,0.65,Geothermal
2021-07-03 00:00:00,6.77,Hydro
2021-07-03 00:00:00,17.08,Thermal
2021-07-03 00:00:00,1.37,Wind
2021-07-03 01:00:00,0.65,Geothermal
2021-07-03 01:00:00,5.93,Hydro
2021-07-03 01:00:00,15.92,Thermal
2021-07-03 01:00:00,1.29,Wind
2021-07-03 02:00:00,0.65,Geothermal
2021-07-03 02:00:00,5.82,Hydro
2021-07-03 02:00:00,14.46,Thermal
2021-07-03 02:00:00,1.31,Wind
2021-07-03 03:00:00,0.65,Geothermal
2021-07-03 03:00:00,5.50,Hydro
2021-07-03 03:00:00,14.41,Thermal
2021-07-03 03:00:00,1.15,Wind
2021-07-03 04:00:00,0.65,Geothermal
2021-07-03 04:00:00,5.62,Hydro
2021-07-03 04:00:00,14.24,Thermal
2021-07-03 04:00:00,1.22,Wind
2021-07-03 05:00:00,0.65,Geothermal
2021-07-03 05:00:00,5.56,Hydro
2021-07-03 05:00:00,13.91,Thermal
2021-07-03 05:00:00,1.21,Wind
2021-07-03 06:00:00,0.65,Geothermal
2021-07-03 06:00:00,6.46,Hydro
2021-07-03 06:00:00,13.61,Thermal
2021-07-03 06:00:00,1.07,Wind
2021-07-03 07:00:00,0.65,Geothermal
2021-07-03 07:00:00,7.13,Hydro
2021-07-03 07:00:00,14.76,Thermal
2021-07-03 07:00:00,0.89,Wind
2021-07-03 08:00:00,0.65,Geothermal
2021-07-03 08:00:00,7.78,Hydro
2021-07-03 08:00:00,14.16,Thermal
2021-07-03 08:00:00,0.85,Wind
2021-07-03 09:00:00,0.65,Geothermal
2021-07-03 09:00:00,6.98,Hydro
2021-07-03 09:00:00,14.00,Thermal
2021-07-03 09:00:00,0.88,Wind
2021-07-03 10:00:00,0.65,Geothermal
2021-07-03 10:00:00,6.62,Hydro
2021-07-03 10:00:00,13.20,Thermal
2021-07-03 10:00:00,0.94,Wind
2021-07-03 11:00:00,0.64,Geothermal
2021-07-03 11:00:00,5.86,Hydro
2021-07-03 11:00:00,13.08,Thermal
2021-07-03 11:00:00,0.97,Wind
2021-07-03 12:00:00,0.65,Geothermal
2021-07-03 12:00:00,5.02,Hydro
2021-07-03 12:00:00,12.19,Thermal
2021-07-03 12:00:00,1.12,Wind
2021-07-03 13:00:00,0.65,Geothermal
2021-07-03 13:00:00,4.71,Hydro
2021-07-03 13:00:00,11.34,Thermal
2021-07-03 13:00:00,1.29,Wind
2021-07-03 14:00:00,0.65,Geothermal
2021-07-03 14:00:00,4.78,Hydro
2021-07-03 14:00:00,11.50,Thermal
2021-07-03 14:00:00,1.54,Wind
2021-07-03 15:00:00,0.64,Geothermal
2021-07-03 15:00:00,4.92,Hydro
2021-07-03 15:00:00,12.32,Thermal
2021-07-03 15:00:00,1.84,Wind
2021-07-03 16:00:00,0.64,Geothermal
2021-07-03 16:00:00,5.70,Hydro
2021-07-03 16:00:00,13.83,Thermal
2021-07-03 16:00:00,2.17,Wind
2021-07-03 17:00:00,0.64,Geothermal
2021-07-03 17:00:00,6.20,Hydro
2021-07-03 17:00:00,15.51,Thermal
2021-07-03 17:00:00,2.23,Wind
2021-07-03 18:00:00,0.65,Geothermal
2021-07-03 18:00:00,7.73,Hydro
2021-07-03 18:00:00,17.12,Thermal
2021-07-03 18:00:00,1.64,Wind
2021-07-03 19:00:00,0.65,Geothermal
2021-07-03 19:00:00,9.05,Hydro
2021-07-03 19:00:00,17.96,Thermal
2021-07-03 19:00:00,1.11,Wind
2021-07-03 20:00:00,0.65,Geothermal
2021-07-03 20:00:00,9.51,Hydro
2021-07-03 20:00:00,17.92,Thermal
2021-07-03 20:00:00,0.93,Wind
2021-07-03 21:00:00,0.65,Geothermal
2021-07-03 21:00:00,9.16,Hydro
2021-07-03 21:00:00,17.67,Thermal
2021-07-03 21:00:00,0.78,Wind
2021-07-03 22:00:00,0.65,Geothermal
2021-07-03 22:00:00,7.92,Hydro
2021-07-03 22:00:00,17.73,Thermal
2021-07-03 22:00:00,0.87,Wind
2021-07-03 23:00:00,0.65,Geothermal
2021-07-03 23:00:00,5.79,Hydro
2021-07-03 23:00:00,16.81,Thermal
2021-07-03 23:00:00,1.15,Wind
2021-07-04 00:00:00,0.65,Geothermal
2021-07-04 00:00:00,5.44,Hydro
2021-07-04 00:00:00,14.01,Thermal
2021-07-04 00:00:00,1.37,Wind
2021-07-04 01:00:00,0.65,Geothermal
2021-07-04 01:00:00,4.77,Hydro
2021-07-04 01:00:00,12.31,Thermal
2021-07-04 01:00:00,1.60,Wind
2021-07-04 02:00:00,0.65,Geothermal
2021-07-04 02:00:00,4.23,Hydro
2021-07-04 02:00:00,11.59,Thermal
2021-07-04 02:00:00,1.74,Wind
2021-07-04 03:00:00,0.65,Geothermal
2021-07-04 03:00:00,4.11,Hydro
2021-07-04 03:00:00,11.00,Thermal
2021-07-04 03:00:00,2.07,Wind
2021-07-04 04:00:00,0.65,Geothermal
2021-07-04 04:00:00,4.06,Hydro
2021-07-04 04:00:00,10.43,Thermal
2021-07-04 04:00:00,2.28,Wind
2021-07-04 05:00:00,0.65,Geothermal
2021-07-04 05:00:00,4.25,Hydro
2021-07-04 05:00:00,9.89,Thermal
2021-07-04 05:00:00,2.34,Wind
2021-07-04 06:00:00,0.65,Geothermal
2021-07-04 06:00:00,4.38,Hydro
2021-07-04 06:00:00,9.82,Thermal
2021-07-04 06:00:00,2.17,Wind
2021-07-04 07:00:00,0.65,Geothermal
2021-07-04 07:00:00,4.32,Hydro
2021-07-04 07:00:00,9.65,Thermal
2021-07-04 07:00:00,1.72,Wind
2021-07-04 08:00:00,0.65,Geothermal
2021-07-04 08:00:00,4.77,Hydro
2021-07-04 08:00:00,10.23,Thermal
2021-07-04 08:00:00,1.65,Wind
2021-07-04 09:00:00,0.65,Geothermal
2021-07-04 09:00:00,4.92,Hydro
2021-07-04 09:00:00,11.07,Thermal
2021-07-04 09:00:00,1.73,Wind
2021-07-04 10:00:00,0.64,Geothermal
2021-07-04 10:00:00,5.67,Hydro
2021-07-04 10:00:00,11.85,Thermal
2021-07-04 10:00:00,1.59,Wind
2021-07-04 11:00:00,0.64,Geothermal
2021-07-04 11:00:00,5.61,Hydro
2021-07-04 11:00:00,11.94,Thermal
2021-07-04 11:00:00,1.89,Wind
2021-07-04 12:00:00,0.64,Geothermal
2021-07-04 12:00:00,5.26,Hydro
2021-07-04 12:00:00,12.13,Thermal
2021-07-04 12:00:00,2.56,Wind
2021-07-04 13:00:00,0.64,Geothermal
2021-07-04 13:00:00,5.11,Hydro
2021-07-04 13:00:00,11.54,Thermal
2021-07-04 13:00:00,3.21,Wind
2021-07-04 14:00:00,0.64,Geothermal
2021-07-04 14:00:00,4.97,Hydro
2021-07-04 14:00:00,11.31,Thermal
2021-07-04 14:00:00,3.46,Wind
2021-07-04 15:00:00,0.64,Geothermal
2021-07-04 15:00:00,5.06,Hydro
2021-07-04 15:00:00,12.24,Thermal
2021-07-04 15:00:00,3.32,Wind
2021-07-04 16:00:00,0.64,Geothermal
2021-07-04 16:00:00,5.25,Hydro
2021-07-04 16:00:00,13.29,Thermal
2021-07-04 16:00:00,3.20,Wind
2021-07-04 17:00:00,0.64,Geothermal
2021-07-04 17:00:00,5.26,Hydro
2021-07-04 17:00:00,14.02,Thermal
2021-07-04 17:00:00,3.10,Wind
2021-07-04 18:00:00,0.64,Geothermal
2021-07-04 18:00:00,5.88,Hydro
2021-07-04 18:00:00,14.39,Thermal
2021-07-04 18:00:00,2.88,Wind
2021-07-04 19:00:00,0.64,Geothermal
2021-07-04 19:00:00,7.05,Hydro
2021-07-04 19:00:00,15.07,Thermal
2021-07-04 19:00:00,2.83,Wind
2021-07-04 20:00:00,0.64,Geothermal
2021-07-04 20:00:00,7.31,Hydro
2021-07-04 20:00:00,15.65,Thermal
2021-07-04 20:00:00,3.01,Wind
2021-07-04 21:00:00,0.64,Geothermal
2021-07-04 21:00:00,7.25,Hydro
2021-07-04 21:00:00,15.77,Thermal
2021-07-04 21:00:00,2.94,Wind
2021-07-04 22:00:00,0.64,Geothermal
2021-07-04 22:00:00,6.27,Hydro
2021-07-04 22:00:00,16.19,Thermal
2021-07-04 22:00:00,3.19,Wind
2021-07-04 23:00:00,0.64,Geothermal
2021-07-04 23:00:00,5.05,Hydro
2021-07-04 23:00:00,14.14,Thermal
2021-07-04 23:00:00,3.51,Wind
2021-07-05 00:00:00,0.65,Geothermal
2021-07-05 00:00:00,4.42,Hydro
2021-07-05 00:00:00,12.57,Thermal
2021-07-05 00:00:00,3.96,Wind
2021-07-05 01:00:00,0.65,Geothermal
2021-07-05 01:00:00,4.31,Hydro
2021-07-05 01:00:00,11.31,Thermal
2021-07-05 01:00:00,4.22,Wind
2021-07-05 02:00:00,0.65,Geothermal
2021-07-05 02:00:00,4.12,Hydro
2021-07-05 02:00:00,10.81,Thermal
2021-07-05 02:00:00,4.51,Wind
2021-07-05 03:00:00,0.65,Geothermal
2021-07-05 03:00:00,4.03,Hydro
2021-07-05 03:00:00,10.68,Thermal
2021-07-05 03:00:00,4.47,Wind
2021-07-05 04:00:00,0.65,Geothermal
2021-07-05 04:00:00,4.23,Hydro
2021-07-05 04:00:00,11.43,Thermal
2021-07-05 04:00:00,4.32,Wind
2021-07-05 05:00:00,0.65,Geothermal
2021-07-05 05:00:00,4.73,Hydro
2021-07-05 05:00:00,12.77,Thermal
2021-07-05 05:00:00,3.86,Wind
2021-07-05 06:00:00,0.64,Geothermal
2021-07-05 06:00:00,5.79,Hydro
2021-07-05 06:00:00,15.99,Thermal
2021-07-05 06:00:00,2.71,Wind
2021-07-05 07:00:00,0.63,Geothermal
2021-07-05 07:00:00,7.21,Hydro
2021-07-05 07:00:00,19.51,Thermal
2021-07-05 07:00:00,1.97,Wind
2021-07-05 08:00:00,0.62,Geothermal
2021-07-05 08:00:00,7.80,Hydro
2021-07-05 08:00:00,19.83,Thermal
2021-07-05 08:00:00,2.13,Wind
2021-07-05 09:00:00,0.62,Geothermal
2021-07-05 09:00:00,8.68,Hydro
2021-07-05 09:00:00,20.07,Thermal
2021-07-05 09:00:00,2.32,Wind
2021-07-05 10:00:00,0.62,Geothermal
2021-07-05 10:00:00,7.16,Hydro
2021-07-05 10:00:00,19.67,Thermal
2021-07-05 10:00:00,2.57,Wind
2021-07-05 11:00:00,0.62,Geothermal
2021-07-05 11:00:00,6.90,Hydro
2021-07-05 11:00:00,19.11,Thermal
2021-07-05 11:00:00,2.88,Wind
2021-07-05 12:00:00,0.62,Geothermal
2021-07-05 12:00:00,5.27,Hydro
2021-07-05 12:00:00,18.46,Thermal
2021-07-05 12:00:00,2.90,Wind
2021-07-05 13:00:00,0.62,Geothermal
2021-07-05 13:00:00,5.01,Hydro
2021-07-05 13:00:00,17.91,Thermal
2021-07-05 13:00:00,2.85,Wind
2021-07-05 14:00:00,0.63,Geothermal
2021-07-05 14:00:00,5.09,Hydro
2021-07-05 14:00:00,18.60,Thermal
2021-07-05 14:00:00,2.75,Wind
2021-07-05 15:00:00,0.62,Geothermal
2021-07-05 15:00:00,5.59,Hydro
2021-07-05 15:00:00,18.97,Thermal
2021-07-05 15:00:00,2.82,Wind
2021-07-05 16:00:00,0.62,Geothermal
2021-07-05 16:00:00,6.53,Hydro
2021-07-05 16:00:00,19.43,Thermal
2021-07-05 16:00:00,2.93,Wind
2021-07-05 17:00:00,0.63,Geothermal
2021-07-05 17:00:00,7.49,Hydro
2021-07-05 17:00:00,20.72,Thermal
2021-07-05 17:00:00,3.04,Wind
2021-07-05 18:00:00,0.64,Geothermal
2021-07-05 18:00:00,8.24,Hydro
2021-07-05 18:00:00,22.18,Thermal
2021-07-05 18:00:00,2.98,Wind
2021-07-05 19:00:00,0.64,Geothermal
2021-07-05 19:00:00,9.67,Hydro
2021-07-05 19:00:00,22.87,Thermal
2021-07-05 19:00:00,2.45,Wind
2021-07-05 20:00:00,0.64,Geothermal
2021-07-05 20:00:00,9.95,Hydro
2021-07-05 20:00:00,22.37,Thermal
2021-07-05 20:00:00,1.94,Wind
2021-07-05 21:00:00,0.64,Geothermal
2021-07-05 21:00:00,8.78,Hydro
2021-07-05 21:00:00,22.77,Thermal
2021-07-05 21:00:00,1.60,Wind
2021-07-05 22:00:00,0.64,Geothermal
2021-07-05 22:00:00,7.05,Hydro
2021-07-05 22:00:00,23.19,Thermal
2021-07-05 22:00:00,1.44,Wind
2021-07-05 23:00:00,0.64,Geothermal
2021-07-05 23:00:00,5.73,Hydro
2021-07-05 23:00:00,21.14,Thermal
2021-07-05 23:00:00,1.23,Wind
2021-07-06 00:00:00,0.64,Geothermal
2021-07-06 00:00:00,5.88,Hydro
2021-07-06 00:00:00,18.01,Thermal
2021-07-06 00:00:00,1.24,Wind
2021-07-06 01:00:00,0.64,Geothermal
2021-07-06 01:00:00,4.90,Hydro
2021-07-06 01:00:00,16.68,Thermal
2021-07-06 01:00:00,1.33,Wind
2021-07-06 02:00:00,0.64,Geothermal
2021-07-06 02:00:00,4.49,Hydro
2021-07-06 02:00:00,15.81,Thermal
2021-07-06 02:00:00,1.32,Wind
2021-07-06 03:00:00,0.64,Geothermal
2021-07-06 03:00:00,4.41,Hydro
2021-07-06 03:00:00,15.14,Thermal
2021-07-06 03:00:00,1.16,Wind
2021-07-06 04:00:00,0.64,Geothermal
2021-07-06 04:00:00,4.47,Hydro
2021-07-06 04:00:00,15.71,Thermal
2021-07-06 04:00:00,1.09,Wind
2021-07-06 05:00:00,0.64,Geothermal
2021-07-06 05:00:00,4.67,Hydro
2021-07-06 05:00:00,16.15,Thermal
2021-07-06 05:00:00,1.01,Wind
2021-07-06 06:00:00,0.64,Geothermal
2021-07-06 06:00:00,6.05,Hydro
2021-07-06 06:00:00,17.61,Thermal
2021-07-06 06:00:00,0.93,Wind
2021-07-06 07:00:00,0.64,Geothermal
2021-07-06 07:00:00,7.14,Hydro
2021-07-06 07:00:00,20.31,Thermal
2021-07-06 07:00:00,0.79,Wind
2021-07-06 08:00:00,0.64,Geothermal
2021-07-06 08:00:00,8.01,Hydro
2021-07-06 08:00:00,21.52,Thermal
2021-07-06 08:00:00,0.74,Wind
2021-07-06 09:00:00,0.64,Geothermal
2021-07-06 09:00:00,7.93,Hydro
2021-07-06 09:00:00,21.58,Thermal
2021-07-06 09:00:00,0.72,Wind
2021-07-06 10:00:00,0.64,Geothermal
2021-07-06 10:00:00,7.26,Hydro
2021-07-06 10:00:00,21.33,Thermal
2021-07-06 10:00:00,0.82,Wind
2021-07-06 11:00:00,0.64,Geothermal
2021-07-06 11:00:00,6.94,Hydro
2021-07-06 11:00:00,20.97,Thermal
2021-07-06 11:00:00,0.79,Wind
2021-07-06 12:00:00,0.64,Geothermal
2021-07-06 12:00:00,6.15,Hydro
2021-07-06 12:00:00,20.34,Thermal
2021-07-06 12:00:00,0.80,Wind
2021-07-06 13:00:00,0.63,Geothermal
2021-07-06 13:00:00,5.96,Hydro
2021-07-06 13:00:00,20.54,Thermal
2021-07-06 13:00:00,0.85,Wind
2021-07-06 14:00:00,0.63,Geothermal
2021-07-06 14:00:00,6.14,Hydro
2021-07-06 14:00:00,22.14,Thermal
2021-07-06 14:00:00,0.96,Wind
2021-07-06 15:00:00,0.63,Geothermal
2021-07-06 15:00:00,6.94,Hydro
2021-07-06 15:00:00,22.83,Thermal
2021-07-06 15:00:00,1.17,Wind
2021-07-06 16:00:00,0.63,Geothermal
2021-07-06 16:00:00,7.94,Hydro
2021-07-06 16:00:00,23.03,Thermal
2021-07-06 16:00:00,1.23,Wind
2021-07-06 17:00:00,0.63,Geothermal
2021-07-06 17:00:00,8.89,Hydro
2021-07-06 17:00:00,23.69,Thermal
2021-07-06 17:00:00,1.13,Wind
2021-07-06 18:00:00,0.62,Geothermal
2021-07-06 18:00:00,9.46,Hydro
2021-07-06 18:00:00,25.01,Thermal
2021-07-06 18:00:00,0.99,Wind
2021-07-06 19:00:00,0.63,Geothermal
2021-07-06 19:00:00,11.11,Hydro
2021-07-06 19:00:00,24.87,Thermal
2021-07-06 19:00:00,0.70,Wind
2021-07-06 20:00:00,0.64,Geothermal
2021-07-06 20:00:00,10.53,Hydro
2021-07-06 20:00:00,24.79,Thermal
2021-07-06 20:00:00,0.45,Wind
2021-07-06 21:00:00,0.64,Geothermal
2021-07-06 21:00:00,9.16,Hydro
2021-07-06 21:00:00,24.72,Thermal
2021-07-06 21:00:00,0.30,Wind
2021-07-06 22:00:00,0.64,Geothermal
2021-07-06 22:00:00,7.53,Hydro
2021-07-06 22:00:00,23.76,Thermal
2021-07-06 22:00:00,0.26,Wind
2021-07-06 23:00:00,0.64,Geothermal
2021-07-06 23:00:00,6.15,Hydro
2021-07-06 23:00:00,22.13,Thermal
2021-07-06 23:00:00,0.25,Wind
2021-07-07 00:00:00,0.64,Geothermal
2021-07-07 00:00:00,6.08,Hydro
2021-07-07 00:00:00,20.00,Thermal
2021-07-07 00:00:00,0.25,Wind
2021-07-07 01:00:00,0.64,Geothermal
2021-07-07 01:00:00,5.42,Hydro
2021-07-07 01:00:00,18.55,Thermal
2021-07-07 01:00:00,0.29,Wind
2021-07-07 02:00:00,0.64,Geothermal
2021-07-07 02:00:00,4.83,Hydro
2021-07-07 02:00:00,18.11,Thermal
2021-07-07 02:00:00,0.31,Wind
2021-07-07 03:00:00,0.64,Geothermal
2021-07-07 03:00:00,4.60,Hydro
2021-07-07 03:00:00,17.46,Thermal
2021-07-07 03:00:00,0.33,Wind
2021-07-07 04:00:00,0.64,Geothermal
2021-07-07 04:00:00,4.72,Hydro
2021-07-07 04:00:00,17.30,Thermal
2021-07-07 04:00:00,0.35,Wind
2021-07-07 05:00:00,0.64,Geothermal
2021-07-07 05:00:00,4.82,Hydro
2021-07-07 05:00:00,17.39,Thermal
2021-07-07 05:00:00,0.39,Wind
2021-07-07 06:00:00,0.64,Geothermal
2021-07-07 06:00:00,6.05,Hydro
2021-07-07 06:00:00,19.03,Thermal
2021-07-07 06:00:00,0.33,Wind
2021-07-07 07:00:00,0.64,Geothermal
2021-07-07 07:00:00,7.03,Hydro
2021-07-07 07:00:00,21.61,Thermal
2021-07-07 07:00:00,0.19,Wind
2021-07-07 08:00:00,0.64,Geothermal
2021-07-07 08:00:00,8.53,Hydro
2021-07-07 08:00:00,22.85,Thermal
2021-07-07 08:00:00,0.10,Wind
2021-07-07 09:00:00,0.64,Geothermal
2021-07-07 09:00:00,8.54,Hydro
2021-07-07 09:00:00,23.13,Thermal
2021-07-07 09:00:00,0.09,Wind
2021-07-07 10:00:00,0.64,Geothermal
2021-07-07 10:00:00,8.06,Hydro
2021-07-07 10:00:00,23.11,Thermal
2021-07-07 10:00:00,0.11,Wind
2021-07-07 11:00:00,0.64,Geothermal
2021-07-07 11:00:00,7.66,Hydro
2021-07-07 11:00:00,23.13,Thermal
2021-07-07 11:00:00,0.19,Wind
2021-07-07 12:00:00,0.63,Geothermal
2021-07-07 12:00:00,6.40,Hydro
2021-07-07 12:00:00,23.54,Thermal
2021-07-07 12:00:00,0.29,Wind
2021-07-07 13:00:00,0.63,Geothermal
2021-07-07 13:00:00,6.02,Hydro
2021-07-07 13:00:00,23.82,Thermal
2021-07-07 13:00:00,0.53,Wind
2021-07-07 14:00:00,0.63,Geothermal
2021-07-07 14:00:00,7.28,Hydro
2021-07-07 14:00:00,24.12,Thermal
2021-07-07 14:00:00,0.83,Wind
2021-07-07 15:00:00,0.63,Geothermal
2021-07-07 15:00:00,8.06,Hydro
2021-07-07 15:00:00,24.20,Thermal
2021-07-07 15:00:00,1.02,Wind
2021-07-07 16:00:00,0.63,Geothermal
2021-07-07 16:00:00,8.51,Hydro
2021-07-07 16:00:00,24.46,Thermal
2021-07-07 16:00:00,1.12,Wind
2021-07-07 17:00:00,0.63,Geothermal
2021-07-07 17:00:00,9.13,Hydro
2021-07-07 17:00:00,24.98,Thermal
2021-07-07 17:00:00,1.10,Wind
2021-07-07 18:00:00,0.63,Geothermal
2021-07-07 18:00:00,9.84,Hydro
2021-07-07 18:00:00,25.49,Thermal
2021-07-07 18:00:00,0.84,Wind
2021-07-07 19:00:00,0.63,Geothermal
2021-07-07 19:00:00,10.97,Hydro
2021-07-07 19:00:00,26.06,Thermal
2021-07-07 19:00:00,0.54,Wind
2021-07-07 20:00:00,0.63,Geothermal
2021-07-07 20:00:00,10.90,Hydro
2021-07-07 20:00:00,26.02,Thermal
2021-07-07 20:00:00,0.36,Wind
2021-07-07 21:00:00,0.63,Geothermal
2021-07-07 21:00:00,9.53,Hydro
2021-07-07 21:00:00,26.10,Thermal
2021-07-07 21:00:00,0.39,Wind
2021-07-07 22:00:00,0.64,Geothermal
2021-07-07 22:00:00,8.17,Hydro
2021-07-07 22:00:00,24.92,Thermal
2021-07-07 22:00:00,0.36,Wind
2021-07-07 23:00:00,0.64,Geothermal
2021-07-07 23:00:00,6.97,Hydro
2021-07-07 23:00:00,22.40,Thermal
2021-07-07 23:00:00,0.35,Wind
2021-07-08 00:00:00,0.64,Geothermal
2021-07-08 00:00:00,5.50,Hydro
2021-07-08 00:00:00,21.38,Thermal
2021-07-08 00:00:00,0.37,Wind
2021-07-08 01:00:00,0.64,Geothermal
2021-07-08 01:00:00,5.06,Hydro
2021-07-08 01:00:00,19.98,Thermal
2021-07-08 01:00:00,0.33,Wind
2021-07-08 02:00:00,0.64,Geothermal
2021-07-08 02:00:00,4.91,Hydro
2021-07-08 02:00:00,19.35,Thermal
2021-07-08 02:00:00,0.39,Wind
2021-07-08 03:00:00,0.64,Geothermal
2021-07-08 03:00:00,4.68,Hydro
2021-07-08 03:00:00,18.29,Thermal
2021-07-08 03:00:00,0.78,Wind
2021-07-08 04:00:00,0.64,Geothermal
2021-07-08 04:00:00,4.75,Hydro
2021-07-08 04:00:00,17.69,Thermal
2021-07-08 04:00:00,0.94,Wind
2021-07-08 05:00:00,0.64,Geothermal
2021-07-08 05:00:00,4.99,Hydro
2021-07-08 05:00:00,17.61,Thermal
2021-07-08 05:00:00,0.74,Wind
2021-07-08 06:00:00,0.64,Geothermal
2021-07-08 06:00:00,6.05,Hydro
2021-07-08 06:00:00,20.67,Thermal
2021-07-08 06:00:00,0.49,Wind
2021-07-08 07:00:00,0.64,Geothermal
2021-07-08 07:00:00,7.30,Hydro
2021-07-08 07:00:00,23.45,Thermal
2021-07-08 07:00:00,0.42,Wind
2021-07-08 08:00:00,0.64,Geothermal
2021-07-08 08:00:00,8.66,Hydro
2021-07-08 08:00:00,24.33,Thermal
2021-07-08 08:00:00,0.35,Wind
2021-07-08 09:00:00,0.64,Geothermal
2021-07-08 09:00:00,8.30,Hydro
2021-07-08 09:00:00,24.71,Thermal
2021-07-08 09:00:00,0.40,Wind
2021-07-08 10:00:00,0.64,Geothermal
2021-07-08 10:00:00,7.93,Hydro
2021-07-08 10:00:00,24.88,Thermal
2021-07-08 10:00:00,0.49,Wind
2021-07-08 11:00:00,0.63,Geothermal
2021-07-08 11:00:00,7.76,Hydro
2021-07-08 11:00:00,24.83,Thermal
2021-07-08 11:00:00,0.59,Wind
2021-07-08 12:00:00,0.63,Geothermal
2021-07-08 12:00:00,6.46,Hydro
2021-07-08 12:00:00,24.89,Thermal
2021-07-08 12:00:00,0.45,Wind
2021-07-08 13:00:00,0.63,Geothermal
2021-07-08 13:00:00,6.34,Hydro
2021-07-08 13:00:00,25.42,Thermal
2021-07-08 13:00:00,0.71,Wind
2021-07-08 14:00:00,0.62,Geothermal
2021-07-08 14:00:00,6.88,Hydro
2021-07-08 14:00:00,26.31,Thermal
2021-07-08 14:00:00,0.91,Wind
2021-07-08 15:00:00,0.62,Geothermal
2021-07-08 15:00:00,7.23,Hydro
2021-07-08 15:00:00,27.13,Thermal
2021-07-08 15:00:00,1.02,Wind
2021-07-08 16:00:00,0.62,Geothermal
2021-07-08 16:00:00,8.04,Hydro
2021-07-08 16:00:00,27.29,Thermal
2021-07-08 16:00:00,1.07,Wind
2021-07-08 17:00:00,0.63,Geothermal
2021-07-08 17:00:00,8.93,Hydro
2021-07-08 17:00:00,26.79,Thermal
2021-07-08 17:00:00,1.19,Wind
2021-07-08 18:00:00,0.63,Geothermal
2021-07-08 18:00:00,9.68,Hydro
2021-07-08 18:00:00,26.21,Thermal
2021-07-08 18:00:00,1.27,Wind
2021-07-08 19:00:00,0.63,Geothermal
2021-07-08 19:00:00,10.13,Hydro
2021-07-08 19:00:00,26.05,Thermal
2021-07-08 19:00:00,1.02,Wind
2021-07-08 20:00:00,0.63,Geothermal
2021-07-08 20:00:00,9.66,Hydro
2021-07-08 20:00:00,25.71,Thermal
2021-07-08 20:00:00,0.89,Wind
2021-07-08 21:00:00,0.63,Geothermal
2021-07-08 21:00:00,8.83,Hydro
2021-07-08 21:00:00,26.01,Thermal
2021-07-08 21:00:00,0.87,Wind
2021-07-08 22:00:00,0.64,Geothermal
2021-07-08 22:00:00,7.24,Hydro
2021-07-08 22:00:00,24.89,Thermal
2021-07-08 22:00:00,1.20,Wind
2021-07-08 23:00:00,0.64,Geothermal
2021-07-08 23:00:00,6.23,Hydro
2021-07-08 23:00:00,22.12,Thermal
2021-07-08 23:00:00,1.69,Wind
2021-07-09 00:00:00,0.64,Geothermal
2021-07-09 00:00:00,5.07,Hydro
2021-07-09 00:00:00,18.15,Thermal
2021-07-09 00:00:00,2.01,Wind
2021-07-09 01:00:00,0.64,Geothermal
2021-07-09 01:00:00,4.83,Hydro
2021-07-09 01:00:00,16.16,Thermal
2021-07-09 01:00:00,2.03,Wind
2021-07-09 02:00:00,0.64,Geothermal
2021-07-09 02:00:00,4.68,Hydro
2021-07-09 02:00:00,15.79,Thermal
2021-07-09 02:00:00,1.86,Wind
2021-07-09 03:00:00,0.64,Geothermal
2021-07-09 03:00:00,4.64,Hydro
2021-07-09 03:00:00,15.32,Thermal
2021-07-09 03:00:00,1.80,Wind
2021-07-09 04:00:00,0.64,Geothermal
2021-07-09 04:00:00,4.80,Hydro
2021-07-09 04:00:00,15.38,Thermal
2021-07-09 04:00:00,1.70,Wind
2021-07-09 05:00:00,0.64,Geothermal
2021-07-09 05:00:00,4.97,Hydro
2021-07-09 05:00:00,16.44,Thermal
2021-07-09 05:00:00,1.56,Wind
2021-07-09 06:00:00,0.64,Geothermal
2021-07-09 06:00:00,5.50,Hydro
2021-07-09 06:00:00,18.39,Thermal
2021-07-09 06:00:00,1.40,Wind
2021-07-09 07:00:00,0.64,Geothermal
2021-07-09 07:00:00,7.57,Hydro
2021-07-09 07:00:00,20.96,Thermal
2021-07-09 07:00:00,1.12,Wind
2021-07-09 08:00:00,0.64,Geothermal
2021-07-09 08:00:00,8.90,Hydro
2021-07-09 08:00:00,21.03,Thermal
2021-07-09 08:00:00,0.99,Wind
2021-07-09 09:00:00,0.64,Geothermal
2021-07-09 09:00:00,9.34,Hydro
2021-07-09 09:00:00,21.79,Thermal
2021-07-09 09:00:00,0.95,Wind
2021-07-09 10:00:00,0.64,Geothermal
2021-07-09 10:00:00,8.51,Hydro
2021-07-09 10:00:00,21.76,Thermal
2021-07-09 10:00:00,1.05,Wind
2021-07-09 11:00:00,0.64,Geothermal
2021-07-09 11:00:00,8.22,Hydro
2021-07-09 11:00:00,20.55,Thermal
2021-07-09 11:00:00,1.26,Wind
2021-07-09 12:00:00,0.64,Geothermal
2021-07-09 12:00:00,6.69,Hydro
2021-07-09 12:00:00,21.51,Thermal
2021-07-09 12:00:00,1.44,Wind
2021-07-09 13:00:00,0.64,Geothermal
2021-07-09 13:00:00,5.89,Hydro
2021-07-09 13:00:00,20.28,Thermal
2021-07-09 13:00:00,1.72,Wind
2021-07-09 14:00:00,0.64,Geothermal
2021-07-09 14:00:00,6.15,Hydro
2021-07-09 14:00:00,20.33,Thermal
2021-07-09 14:00:00,2.06,Wind
2021-07-09 15:00:00,0.64,Geothermal
2021-07-09 15:00:00,6.43,Hydro
2021-07-09 15:00:00,20.80,Thermal
2021-07-09 15:00:00,2.39,Wind
2021-07-09 16:00:00,0.64,Geothermal
2021-07-09 16:00:00,7.35,Hydro
2021-07-09 16:00:00,20.39,Thermal
2021-07-09 16:00:00,2.80,Wind
2021-07-09 17:00:00,0.64,Geothermal
2021-07-09 17:00:00,7.87,Hydro
2021-07-09 17:00:00,20.77,Thermal
2021-07-09 17:00:00,3.10,Wind
2021-07-09 18:00:00,0.64,Geothermal
2021-07-09 18:00:00,8.58,Hydro
2021-07-09 18:00:00,22.32,Thermal
2021-07-09 18:00:00,2.76,Wind
2021-07-09 19:00:00,0.64,Geothermal
2021-07-09 19:00:00,10.06,Hydro
2021-07-09 19:00:00,23.19,Thermal
2021-07-09 19:00:00,2.09,Wind
2021-07-09 20:00:00,0.64,Geothermal
2021-07-09 20:00:00,9.97,Hydro
2021-07-09 20:00:00,23.23,Thermal
2021-07-09 20:00:00,1.64,Wind
2021-07-09 21:00:00,0.64,Geothermal
2021-07-09 21:00:00,8.47,Hydro
2021-07-09 21:00:00,23.42,Thermal
2021-07-09 21:00:00,1.47,Wind
2021-07-09 22:00:00,0.64,Geothermal
2021-07-09 22:00:00,7.50,Hydro
2021-07-09 22:00:00,23.15,Thermal
2021-07-09 22:00:00,1.38,Wind
2021-07-09 23:00:00,0.64,Geothermal
2021-07-09 23:00:00,6.15,Hydro
2021-07-09 23:00:00,21.25,Thermal
2021-07-09 23:00:00,1.35,Wind
2021-07-10 00:00:00,0.64,Geothermal
2021-07-10 00:00:00,6.41,Hydro
2021-07-10 00:00:00,18.07,Thermal
2021-07-10 00:00:00,1.44,Wind
2021-07-10 01:00:00,0.64,Geothermal
2021-07-10 01:00:00,5.80,Hydro
2021-07-10 01:00:00,16.77,Thermal
2021-07-10 01:00:00,1.31,Wind
2021-07-10 02:00:00,0.64,Geothermal
2021-07-10 02:00:00,5.57,Hydro
2021-07-10 02:00:00,15.63,Thermal
2021-07-10 02:00:00,1.26,Wind
2021-07-10 03:00:00,0.64,Geothermal
2021-07-10 03:00:00,5.43,Hydro
2021-07-10 03:00:00,15.14,Thermal
2021-07-10 03:00:00,1.23,Wind
2021-07-10 04:00:00,0.62,Geothermal
2021-07-10 04:00:00,5.35,Hydro
2021-07-10 04:00:00,14.90,Thermal
2021-07-10 04:00:00,1.21,Wind
2021-07-10 05:00:00,0.62,Geothermal
2021-07-10 05:00:00,5.42,Hydro
2021-07-10 05:00:00,14.81,Thermal
2021-07-10 05:00:00,1.17,Wind
2021-07-10 06:00:00,0.62,Geothermal
2021-07-10 06:00:00,6.15,Hydro
2021-07-10 06:00:00,14.60,Thermal
2021-07-10 06:00:00,1.22,Wind
2021-07-10 07:00:00,0.62,Geothermal
2021-07-10 07:00:00,6.35,Hydro
2021-07-10 07:00:00,14.57,Thermal
2021-07-10 07:00:00,1.06,Wind
2021-07-10 08:00:00,0.63,Geothermal
2021-07-10 08:00:00,6.96,Hydro
2021-07-10 08:00:00,14.27,Thermal
2021-07-10 08:00:00,0.91,Wind
2021-07-10 09:00:00,0.64,Geothermal
2021-07-10 09:00:00,6.93,Hydro
2021-07-10 09:00:00,14.06,Thermal
2021-07-10 09:00:00,0.88,Wind
2021-07-10 10:00:00,0.64,Geothermal
2021-07-10 10:00:00,6.53,Hydro
2021-07-10 10:00:00,12.94,Thermal
2021-07-10 10:00:00,0.91,Wind
2021-07-10 11:00:00,0.64,Geothermal
2021-07-10 11:00:00,6.00,Hydro
2021-07-10 11:00:00,12.24,Thermal
2021-07-10 11:00:00,0.96,Wind
2021-07-10 12:00:00,0.64,Geothermal
2021-07-10 12:00:00,5.30,Hydro
2021-07-10 12:00:00,11.99,Thermal
2021-07-10 12:00:00,1.13,Wind
2021-07-10 13:00:00,0.64,Geothermal
2021-07-10 13:00:00,4.87,Hydro
2021-07-10 13:00:00,10.75,Thermal
2021-07-10 13:00:00,1.41,Wind
2021-07-10 14:00:00,0.64,Geothermal
2021-07-10 14:00:00,5.06,Hydro
2021-07-10 14:00:00,10.64,Thermal
2021-07-10 14:00:00,1.60,Wind
2021-07-10 15:00:00,0.64,Geothermal
2021-07-10 15:00:00,5.15,Hydro
2021-07-10 15:00:00,10.75,Thermal
2021-07-10 15:00:00,1.85,Wind
2021-07-10 16:00:00,0.63,Geothermal
2021-07-10 16:00:00,5.55,Hydro
2021-07-10 16:00:00,12.02,Thermal
2021-07-10 16:00:00,2.11,Wind
2021-07-10 17:00:00,0.64,Geothermal
2021-07-10 17:00:00,6.58,Hydro
2021-07-10 17:00:00,13.21,Thermal
2021-07-10 17:00:00,2.23,Wind
2021-07-10 18:00:00,0.64,Geothermal
2021-07-10 18:00:00,7.64,Hydro
2021-07-10 18:00:00,15.84,Thermal
2021-07-10 18:00:00,2.21,Wind
2021-07-10 19:00:00,0.64,Geothermal
2021-07-10 19:00:00,8.55,Hydro
2021-07-10 19:00:00,17.38,Thermal
2021-07-10 19:00:00,2.06,Wind
2021-07-10 20:00:00,0.64,Geothermal
2021-07-10 20:00:00,10.05,Hydro
2021-07-10 20:00:00,17.54,Thermal
2021-07-10 20:00:00,1.64,Wind
2021-07-10 21:00:00,0.64,Geothermal
2021-07-10 21:00:00,9.91,Hydro
2021-07-10 21:00:00,17.70,Thermal
2021-07-10 21:00:00,1.33,Wind
2021-07-10 22:00:00,0.64,Geothermal
2021-07-10 22:00:00,9.09,Hydro
2021-07-10 22:00:00,17.37,Thermal
2021-07-10 22:00:00,1.18,Wind
2021-07-10 23:00:00,0.64,Geothermal
2021-07-10 23:00:00,7.33,Hydro
2021-07-10 23:00:00,16.67,Thermal
2021-07-10 23:00:00,1.12,Wind
2021-07-11 00:00:00,0.64,Geothermal
2021-07-11 00:00:00,5.57,Hydro
2021-07-11 00:00:00,15.24,Thermal
2021-07-11 00:00:00,1.11,Wind
2021-07-11 01:00:00,0.64,Geothermal
2021-07-11 01:00:00,4.79,Hydro
2021-07-11 01:00:00,14.11,Thermal
2021-07-11 01:00:00,1.05,Wind
2021-07-11 02:00:00,0.64,Geothermal
2021-07-11 02:00:00,4.91,Hydro
2021-07-11 02:00:00,12.77,Thermal
2021-07-11 02:00:00,0.98,Wind
2021-07-11 03:00:00,0.64,Geothermal
2021-07-11 03:00:00,4.77,Hydro
2021-07-11 03:00:00,11.88,Thermal
2021-07-11 03:00:00,1.04,Wind
2021-07-11 04:00:00,0.64,Geothermal
2021-07-11 04:00:00,5.09,Hydro
2021-07-11 04:00:00,11.30,Thermal
2021-07-11 04:00:00,1.22,Wind
2021-07-11 05:00:00,0.64,Geothermal
2021-07-11 05:00:00,4.67,Hydro
2021-07-11 05:00:00,11.14,Thermal
2021-07-11 05:00:00,1.34,Wind
2021-07-11 06:00:00,0.64,Geothermal
2021-07-11 06:00:00,4.65,Hydro
2021-07-11 06:00:00,10.66,Thermal
2021-07-11 06:00:00,1.31,Wind
2021-07-11 07:00:00,0.64,Geothermal
2021-07-11 07:00:00,4.96,Hydro
2021-07-11 07:00:00,10.06,Thermal
2021-07-11 07:00:00,1.21,Wind
2021-07-11 08:00:00,0.64,Geothermal
2021-07-11 08:00:00,5.27,Hydro
2021-07-11 08:00:00,9.02,Thermal
2021-07-11 08:00:00,1.26,Wind
2021-07-11 09:00:00,0.64,Geothermal
2021-07-11 09:00:00,5.14,Hydro
2021-07-11 09:00:00,8.27,Thermal
2021-07-11 09:00:00,1.47,Wind
2021-07-11 10:00:00,0.63,Geothermal
2021-07-11 10:00:00,5.14,Hydro
2021-07-11 10:00:00,7.63,Thermal
2021-07-11 10:00:00,1.59,Wind
2021-07-11 11:00:00,0.63,Geothermal
2021-07-11 11:00:00,5.08,Hydro
2021-07-11 11:00:00,7.91,Thermal
2021-07-11 11:00:00,1.59,Wind
2021-07-11 12:00:00,0.62,Geothermal
2021-07-11 12:00:00,4.84,Hydro
2021-07-11 12:00:00,7.89,Thermal
2021-07-11 12:00:00,1.56,Wind
2021-07-11 13:00:00,0.62,Geothermal
2021-07-11 13:00:00,4.52,Hydro
2021-07-11 13:00:00,7.48,Thermal
2021-07-11 13:00:00,1.74,Wind
2021-07-11 14:00:00,0.62,Geothermal
2021-07-11 14:00:00,4.49,Hydro
2021-07-11 14:00:00,7.41,Thermal
2021-07-11 14:00:00,2.15,Wind
2021-07-11 15:00:00,0.62,Geothermal
2021-07-11 15:00:00,4.49,Hydro
2021-07-11 15:00:00,7.58,Thermal
2021-07-11 15:00:00,2.59,Wind
2021-07-11 16:00:00,0.62,Geothermal
2021-07-11 16:00:00,4.72,Hydro
2021-07-11 16:00:00,8.09,Thermal
2021-07-11 16:00:00,2.91,Wind
2021-07-11 17:00:00,0.63,Geothermal
2021-07-11 17:00:00,5.32,Hydro
2021-07-11 17:00:00,9.22,Thermal
2021-07-11 17:00:00,3.46,Wind
2021-07-11 18:00:00,0.63,Geothermal
2021-07-11 18:00:00,6.93,Hydro
2021-07-11 18:00:00,11.62,Thermal
2021-07-11 18:00:00,3.45,Wind
2021-07-11 19:00:00,0.63,Geothermal
2021-07-11 19:00:00,7.95,Hydro
2021-07-11 19:00:00,14.60,Thermal
2021-07-11 19:00:00,2.86,Wind
2021-07-11 20:00:00,0.64,Geothermal
2021-07-11 20:00:00,8.57,Hydro
2021-07-11 20:00:00,16.20,Thermal
2021-07-11 20:00:00,2.35,Wind
2021-07-11 21:00:00,0.64,Geothermal
2021-07-11 21:00:00,8.50,Hydro
2021-07-11 21:00:00,16.13,Thermal
2021-07-11 21:00:00,1.89,Wind
2021-07-11 22:00:00,0.64,Geothermal
2021-07-11 22:00:00,8.53,Hydro
2021-07-11 22:00:00,16.20,Thermal
2021-07-11 22:00:00,1.32,Wind
2021-07-11 23:00:00,0.64,Geothermal
2021-07-11 23:00:00,7.04,Hydro
2021-07-11 23:00:00,16.52,Thermal
2021-07-11 23:00:00,1.03,Wind
2021-07-12 00:00:00,0.64,Geothermal
2021-07-12 00:00:00,5.43,Hydro
2021-07-12 00:00:00,14.93,Thermal
2021-07-12 00:00:00,1.02,Wind
2021-07-12 01:00:00,0.64,Geothermal
2021-07-12 01:00:00,4.77,Hydro
2021-07-12 01:00:00,13.86,Thermal
2021-07-12 01:00:00,1.18,Wind
2021-07-12 02:00:00,0.64,Geothermal
2021-07-12 02:00:00,4.83,Hydro
2021-07-12 02:00:00,12.86,Thermal
2021-07-12 02:00:00,1.36,Wind
2021-07-12 03:00:00,0.64,Geothermal
2021-07-12 03:00:00,4.76,Hydro
2021-07-12 03:00:00,12.34,Thermal
2021-07-12 03:00:00,1.43,Wind
2021-07-12 04:00:00,0.64,Geothermal
2021-07-12 04:00:00,4.68,Hydro
2021-07-12 04:00:00,12.61,Thermal
2021-07-12 04:00:00,1.40,Wind
2021-07-12 05:00:00,0.64,Geothermal
2021-07-12 05:00:00,4.80,Hydro
2021-07-12 05:00:00,14.03,Thermal
2021-07-12 05:00:00,1.06,Wind
2021-07-12 06:00:00,0.63,Geothermal
2021-07-12 06:00:00,5.78,Hydro
2021-07-12 06:00:00,16.93,Thermal
2021-07-12 06:00:00,0.88,Wind
2021-07-12 07:00:00,0.64,Geothermal
2021-07-12 07:00:00,8.11,Hydro
2021-07-12 07:00:00,19.47,Thermal
2021-07-12 07:00:00,0.87,Wind
2021-07-12 08:00:00,0.64,Geothermal
2021-07-12 08:00:00,9.44,Hydro
2021-07-12 08:00:00,20.44,Thermal
2021-07-12 08:00:00,0.86,Wind
2021-07-12 09:00:00,0.63,Geothermal
2021-07-12 09:00:00,8.91,Hydro
2021-07-12 09:00:00,21.19,Thermal
2021-07-12 09:00:00,0.71,Wind
2021-07-12 10:00:00,0.63,Geothermal
2021-07-12 10:00:00,8.13,Hydro
2021-07-12 10:00:00,21.19,Thermal
2021-07-12 10:00:00,0.57,Wind
2021-07-12 11:00:00,0.63,Geothermal
2021-07-12 11:00:00,7.80,Hydro
2021-07-12 11:00:00,21.09,Thermal
2021-07-12 11:00:00,0.55,Wind
2021-07-12 12:00:00,0.62,Geothermal
2021-07-12 12:00:00,6.54,Hydro
2021-07-12 12:00:00,21.20,Thermal
2021-07-12 12:00:00,0.63,Wind
2021-07-12 13:00:00,0.62,Geothermal
2021-07-12 13:00:00,6.13,Hydro
2021-07-12 13:00:00,22.27,Thermal
2021-07-12 13:00:00,0.76,Wind
2021-07-12 14:00:00,0.63,Geothermal
2021-07-12 14:00:00,7.24,Hydro
2021-07-12 14:00:00,22.79,Thermal
2021-07-12 14:00:00,0.88,Wind
2021-07-12 15:00:00,0.63,Geothermal
2021-07-12 15:00:00,7.86,Hydro
2021-07-12 15:00:00,23.24,Thermal
2021-07-12 15:00:00,1.11,Wind
2021-07-12 16:00:00,0.63,Geothermal
2021-07-12 16:00:00,8.23,Hydro
2021-07-12 16:00:00,24.17,Thermal
2021-07-12 16:00:00,1.39,Wind
2021-07-12 17:00:00,0.63,Geothermal
2021-07-12 17:00:00,8.94,Hydro
2021-07-12 17:00:00,24.75,Thermal
2021-07-12 17:00:00,1.41,Wind
2021-07-12 18:00:00,0.63,Geothermal
2021-07-12 18:00:00,9.75,Hydro
2021-07-12 18:00:00,24.77,Thermal
2021-07-12 18:00:00,1.16,Wind
2021-07-12 19:00:00,0.63,Geothermal
2021-07-12 19:00:00,10.72,Hydro
2021-07-12 19:00:00,25.41,Thermal
2021-07-12 19:00:00,0.99,Wind
2021-07-12 20:00:00,0.63,Geothermal
2021-07-12 20:00:00,9.87,Hydro
2021-07-12 20:00:00,25.12,Thermal
2021-07-12 20:00:00,1.01,Wind
2021-07-12 21:00:00,0.63,Geothermal
2021-07-12 21:00:00,9.51,Hydro
2021-07-12 21:00:00,24.83,Thermal
2021-07-12 21:00:00,1.16,Wind
2021-07-12 22:00:00,0.63,Geothermal
2021-07-12 22:00:00,7.35,Hydro
2021-07-12 22:00:00,24.04,Thermal
2021-07-12 22:00:00,1.15,Wind
2021-07-12 23:00:00,0.63,Geothermal
2021-07-12 23:00:00,6.53,Hydro
2021-07-12 23:00:00,22.26,Thermal
2021-07-12 23:00:00,1.26,Wind
2021-07-13 00:00:00,0.63,Geothermal
2021-07-13 00:00:00,5.38,Hydro
2021-07-13 00:00:00,19.11,Thermal
2021-07-13 00:00:00,1.17,Wind
2021-07-13 01:00:00,0.64,Geothermal
2021-07-13 01:00:00,4.97,Hydro
2021-07-13 01:00:00,17.48,Thermal
2021-07-13 01:00:00,1.17,Wind
2021-07-13 02:00:00,0.64,Geothermal
2021-07-13 02:00:00,4.73,Hydro
2021-07-13 02:00:00,16.53,Thermal
2021-07-13 02:00:00,1.50,Wind
2021-07-13 03:00:00,0.64,Geothermal
2021-07-13 03:00:00,4.58,Hydro
2021-07-13 03:00:00,15.65,Thermal
2021-07-13 03:00:00,1.64,Wind
2021-07-13 04:00:00,0.64,Geothermal
2021-07-13 04:00:00,4.72,Hydro
2021-07-13 04:00:00,15.37,Thermal
2021-07-13 04:00:00,1.70,Wind
2021-07-13 05:00:00,0.63,Geothermal
2021-07-13 05:00:00,4.86,Hydro
2021-07-13 05:00:00,16.16,Thermal
2021-07-13 05:00:00,1.76,Wind
2021-07-13 06:00:00,0.63,Geothermal
2021-07-13 06:00:00,5.29,Hydro
2021-07-13 06:00:00,18.79,Thermal
2021-07-13 06:00:00,1.80,Wind
2021-07-13 07:00:00,0.63,Geothermal
2021-07-13 07:00:00,6.57,Hydro
2021-07-13 07:00:00,21.92,Thermal
2021-07-13 07:00:00,2.02,Wind
2021-07-13 08:00:00,0.63,Geothermal
2021-07-13 08:00:00,8.57,Hydro
2021-07-13 08:00:00,22.57,Thermal
2021-07-13 08:00:00,1.98,Wind
2021-07-13 09:00:00,0.63,Geothermal
2021-07-13 09:00:00,9.34,Hydro
2021-07-13 09:00:00,23.28,Thermal
2021-07-13 09:00:00,1.97,Wind
2021-07-13 10:00:00,0.62,Geothermal
2021-07-13 10:00:00,8.98,Hydro
2021-07-13 10:00:00,23.44,Thermal
2021-07-13 10:00:00,2.24,Wind
2021-07-13 11:00:00,0.62,Geothermal
2021-07-13 11:00:00,8.59,Hydro
2021-07-13 11:00:00,23.86,Thermal
2021-07-13 11:00:00,2.54,Wind
2021-07-13 12:00:00,0.62,Geothermal
2021-07-13 12:00:00,7.51,Hydro
2021-07-13 12:00:00,23.47,Thermal
2021-07-13 12:00:00,2.64,Wind
2021-07-13 13:00:00,0.62,Geothermal
2021-07-13 13:00:00,7.05,Hydro
2021-07-13 13:00:00,23.18,Thermal
2021-07-13 13:00:00,3.20,Wind
2021-07-13 14:00:00,0.63,Geothermal
2021-07-13 14:00:00,7.37,Hydro
2021-07-13 14:00:00,22.84,Thermal
2021-07-13 14:00:00,4.00,Wind
2021-07-13 15:00:00,0.63,Geothermal
2021-07-13 15:00:00,7.68,Hydro
2021-07-13 15:00:00,22.74,Thermal
2021-07-13 15:00:00,4.25,Wind
2021-07-13 16:00:00,0.63,Geothermal
2021-07-13 16:00:00,7.43,Hydro
2021-07-13 16:00:00,23.84,Thermal
2021-07-13 16:00:00,3.75,Wind
2021-07-13 17:00:00,0.63,Geothermal
2021-07-13 17:00:00,7.90,Hydro
2021-07-13 17:00:00,24.16,Thermal
2021-07-13 17:00:00,3.05,Wind
2021-07-13 18:00:00,0.64,Geothermal
2021-07-13 18:00:00,8.28,Hydro
2021-07-13 18:00:00,24.15,Thermal
2021-07-13 18:00:00,2.90,Wind
2021-07-13 19:00:00,0.64,Geothermal
2021-07-13 19:00:00,8.64,Hydro
2021-07-13 19:00:00,24.21,Thermal
2021-07-13 19:00:00,2.83,Wind
2021-07-13 20:00:00,0.64,Geothermal
2021-07-13 20:00:00,8.87,Hydro
2021-07-13 20:00:00,23.91,Thermal
2021-07-13 20:00:00,3.02,Wind
2021-07-13 21:00:00,0.64,Geothermal
2021-07-13 21:00:00,8.22,Hydro
2021-07-13 21:00:00,23.85,Thermal
2021-07-13 21:00:00,3.26,Wind
2021-07-13 22:00:00,0.64,Geothermal
2021-07-13 22:00:00,6.74,Hydro
2021-07-13 22:00:00,21.99,Thermal
2021-07-13 22:00:00,3.39,Wind
2021-07-13 23:00:00,0.64,Geothermal
2021-07-13 23:00:00,5.31,Hydro
2021-07-13 23:00:00,19.36,Thermal
2021-07-13 23:00:00,3.55,Wind
2021-07-14 00:00:00,0.64,Geothermal
2021-07-14 00:00:00,5.25,Hydro
2021-07-14 00:00:00,15.75,Thermal
2021-07-14 00:00:00,3.59,Wind
2021-07-14 01:00:00,0.64,Geothermal
2021-07-14 01:00:00,5.03,Hydro
2021-07-14 01:00:00,13.79,Thermal
2021-07-14 01:00:00,3.84,Wind
2021-07-14 02:00:00,0.64,Geothermal
2021-07-14 02:00:00,4.88,Hydro
2021-07-14 02:00:00,12.73,Thermal
2021-07-14 02:00:00,4.09,Wind
2021-07-14 03:00:00,0.64,Geothermal
2021-07-14 03:00:00,4.70,Hydro
2021-07-14 03:00:00,12.72,Thermal
2021-07-14 03:00:00,3.88,Wind
2021-07-14 04:00:00,0.64,Geothermal
2021-07-14 04:00:00,4.82,Hydro
2021-07-14 04:00:00,12.99,Thermal
2021-07-14 04:00:00,3.79,Wind
2021-07-14 05:00:00,0.64,Geothermal
2021-07-14 05:00:00,5.00,Hydro
2021-07-14 05:00:00,13.96,Thermal
2021-07-14 05:00:00,3.72,Wind
2021-07-14 06:00:00,0.64,Geothermal
2021-07-14 06:00:00,5.63,Hydro
2021-07-14 06:00:00,16.16,Thermal
2021-07-14 06:00:00,3.55,Wind
2021-07-14 07:00:00,0.64,Geothermal
2021-07-14 07:00:00,7.67,Hydro
2021-07-14 07:00:00,19.23,Thermal
2021-07-14 07:00:00,3.24,Wind
2021-07-14 08:00:00,0.64,Geothermal
2021-07-14 08:00:00,8.69,Hydro
2021-07-14 08:00:00,20.85,Thermal
2021-07-14 08:00:00,3.28,Wind
2021-07-14 09:00:00,0.64,Geothermal
2021-07-14 09:00:00,8.35,Hydro
2021-07-14 09:00:00,20.59,Thermal
2021-07-14 09:00:00,3.56,Wind
2021-07-14 10:00:00,0.64,Geothermal
2021-07-14 10:00:00,7.88,Hydro
2021-07-14 10:00:00,20.02,Thermal
2021-07-14 10:00:00,4.03,Wind
2021-07-14 11:00:00,0.64,Geothermal
2021-07-14 11:00:00,7.21,Hydro
2021-07-14 11:00:00,18.28,Thermal
2021-07-14 11:00:00,4.28,Wind
2021-07-14 12:00:00,0.64,Geothermal
2021-07-14 12:00:00,6.33,Hydro
2021-07-14 12:00:00,16.66,Thermal
2021-07-14 12:00:00,4.72,Wind
2021-07-14 13:00:00,0.64,Geothermal
2021-07-14 13:00:00,5.92,Hydro
2021-07-14 13:00:00,16.22,Thermal
2021-07-14 13:00:00,5.07,Wind
2021-07-14 14:00:00,0.64,Geothermal
2021-07-14 14:00:00,6.30,Hydro
2021-07-14 14:00:00,16.72,Thermal
2021-07-14 14:00:00,5.29,Wind
2021-07-14 15:00:00,0.63,Geothermal
2021-07-14 15:00:00,6.64,Hydro
2021-07-14 15:00:00,16.90,Thermal
2021-07-14 15:00:00,5.59,Wind
2021-07-14 16:00:00,0.63,Geothermal
2021-07-14 16:00:00,7.31,Hydro
2021-07-14 16:00:00,17.45,Thermal
2021-07-14 16:00:00,5.55,Wind
2021-07-14 17:00:00,0.63,Geothermal
2021-07-14 17:00:00,7.59,Hydro
2021-07-14 17:00:00,18.21,Thermal
2021-07-14 17:00:00,5.43,Wind
2021-07-14 18:00:00,0.63,Geothermal
2021-07-14 18:00:00,7.89,Hydro
2021-07-14 18:00:00,19.67,Thermal
2021-07-14 18:00:00,5.08,Wind
2021-07-14 19:00:00,0.63,Geothermal
2021-07-14 19:00:00,8.96,Hydro
2021-07-14 19:00:00,20.07,Thermal
2021-07-14 19:00:00,4.75,Wind
2021-07-14 20:00:00,0.64,Geothermal
2021-07-14 20:00:00,9.01,Hydro
2021-07-14 20:00:00,20.13,Thermal
2021-07-14 20:00:00,4.59,Wind
2021-07-14 21:00:00,0.64,Geothermal
2021-07-14 21:00:00,8.50,Hydro
2021-07-14 21:00:00,20.02,Thermal
2021-07-14 21:00:00,4.58,Wind
2021-07-14 22:00:00,0.64,Geothermal
2021-07-14 22:00:00,6.59,Hydro
2021-07-14 22:00:00,18.58,Thermal
2021-07-14 22:00:00,4.54,Wind
2021-07-14 23:00:00,0.64,Geothermal
2021-07-14 23:00:00,5.66,Hydro
2021-07-14 23:00:00,16.96,Thermal
2021-07-14 23:00:00,4.64,Wind
2021-07-15 00:00:00,0.64,Geothermal
2021-07-15 00:00:00,5.30,Hydro
2021-07-15 00:00:00,13.99,Thermal
2021-07-15 00:00:00,4.69,Wind
2021-07-15 01:00:00,0.65,Geothermal
2021-07-15 01:00:00,4.87,Hydro
2021-07-15 01:00:00,12.88,Thermal
2021-07-15 01:00:00,4.50,Wind
2021-07-15 02:00:00,0.65,Geothermal
2021-07-15 02:00:00,4.74,Hydro
2021-07-15 02:00:00,12.40,Thermal
2021-07-15 02:00:00,4.36,Wind
2021-07-15 03:00:00,0.65,Geothermal
2021-07-15 03:00:00,4.64,Hydro
2021-07-15 03:00:00,12.29,Thermal
2021-07-15 03:00:00,4.31,Wind
2021-07-15 04:00:00,0.64,Geothermal
2021-07-15 04:00:00,4.67,Hydro
2021-07-15 04:00:00,12.38,Thermal
2021-07-15 04:00:00,4.25,Wind
2021-07-15 05:00:00,0.64,Geothermal
2021-07-15 05:00:00,4.79,Hydro
2021-07-15 05:00:00,13.09,Thermal
2021-07-15 05:00:00,4.03,Wind
2021-07-15 06:00:00,0.64,Geothermal
2021-07-15 06:00:00,5.58,Hydro
2021-07-15 06:00:00,16.58,Thermal
2021-07-15 06:00:00,3.68,Wind
2021-07-15 07:00:00,0.64,Geothermal
2021-07-15 07:00:00,7.66,Hydro
2021-07-15 07:00:00,18.40,Thermal
2021-07-15 07:00:00,3.14,Wind
2021-07-15 08:00:00,0.64,Geothermal
2021-07-15 08:00:00,8.97,Hydro
2021-07-15 08:00:00,19.32,Thermal
2021-07-15 08:00:00,2.96,Wind
2021-07-15 09:00:00,0.64,Geothermal
2021-07-15 09:00:00,8.27,Hydro
2021-07-15 09:00:00,19.31,Thermal
2021-07-15 09:00:00,3.07,Wind
2021-07-15 10:00:00,0.64,Geothermal
2021-07-15 10:00:00,7.87,Hydro
2021-07-15 10:00:00,18.63,Thermal
2021-07-15 10:00:00,3.03,Wind
2021-07-15 11:00:00,0.64,Geothermal
2021-07-15 11:00:00,7.92,Hydro
2021-07-15 11:00:00,18.42,Thermal
2021-07-15 11:00:00,3.20,Wind
2021-07-15 12:00:00,0.64,Geothermal
2021-07-15 12:00:00,6.58,Hydro
2021-07-15 12:00:00,17.38,Thermal
2021-07-15 12:00:00,3.43,Wind
2021-07-15 13:00:00,0.64,Geothermal
2021-07-15 13:00:00,5.93,Hydro
2021-07-15 13:00:00,17.30,Thermal
2021-07-15 13:00:00,3.65,Wind
2021-07-15 14:00:00,0.64,Geothermal
2021-07-15 14:00:00,6.90,Hydro
2021-07-15 14:00:00,17.70,Thermal
2021-07-15 14:00:00,3.85,Wind
2021-07-15 15:00:00,0.63,Geothermal
2021-07-15 15:00:00,7.13,Hydro
2021-07-15 15:00:00,18.34,Thermal
2021-07-15 15:00:00,4.27,Wind
2021-07-15 16:00:00,0.63,Geothermal
2021-07-15 16:00:00,7.42,Hydro
2021-07-15 16:00:00,19.01,Thermal
2021-07-15 16:00:00,4.48,Wind
2021-07-15 17:00:00,0.63,Geothermal
2021-07-15 17:00:00,7.96,Hydro
2021-07-15 17:00:00,19.71,Thermal
2021-07-15 17:00:00,4.45,Wind
2021-07-15 18:00:00,0.63,Geothermal
2021-07-15 18:00:00,8.76,Hydro
2021-07-15 18:00:00,20.40,Thermal
2021-07-15 18:00:00,4.26,Wind
2021-07-15 19:00:00,0.64,Geothermal
2021-07-15 19:00:00,9.90,Hydro
2021-07-15 19:00:00,20.55,Thermal
2021-07-15 19:00:00,3.88,Wind
2021-07-15 20:00:00,0.64,Geothermal
2021-07-15 20:00:00,9.77,Hydro
2021-07-15 20:00:00,21.12,Thermal
2021-07-15 20:00:00,3.46,Wind
2021-07-15 21:00:00,0.64,Geothermal
2021-07-15 21:00:00,9.22,Hydro
2021-07-15 21:00:00,20.89,Thermal
2021-07-15 21:00:00,3.37,Wind
2021-07-15 22:00:00,0.64,Geothermal
2021-07-15 22:00:00,7.15,Hydro
2021-07-15 22:00:00,20.13,Thermal
2021-07-15 22:00:00,3.21,Wind
2021-07-15 23:00:00,0.64,Geothermal
2021-07-15 23:00:00,5.52,Hydro
2021-07-15 23:00:00,18.75,Thermal
2021-07-15 23:00:00,3.02,Wind
2021-07-16 00:00:00,0.64,Geothermal
2021-07-16 00:00:00,5.25,Hydro
2021-07-16 00:00:00,16.90,Thermal
2021-07-16 00:00:00,2.98,Wind
2021-07-16 01:00:00,0.64,Geothermal
2021-07-16 01:00:00,5.14,Hydro
2021-07-16 01:00:00,15.58,Thermal
2021-07-16 01:00:00,2.93,Wind
2021-07-16 02:00:00,0.64,Geothermal
2021-07-16 02:00:00,5.11,Hydro
2021-07-16 02:00:00,14.73,Thermal
2021-07-16 02:00:00,2.74,Wind
2021-07-16 03:00:00,0.64,Geothermal
2021-07-16 03:00:00,5.14,Hydro
2021-07-16 03:00:00,15.03,Thermal
2021-07-16 03:00:00,2.57,Wind
2021-07-16 04:00:00,0.64,Geothermal
2021-07-16 04:00:00,5.37,Hydro
2021-07-16 04:00:00,14.48,Thermal
2021-07-16 04:00:00,2.48,Wind
2021-07-16 05:00:00,0.64,Geothermal
2021-07-16 05:00:00,5.52,Hydro
2021-07-16 05:00:00,15.08,Thermal
2021-07-16 05:00:00,2.60,Wind
2021-07-16 06:00:00,0.64,Geothermal
2021-07-16 06:00:00,6.05,Hydro
2021-07-16 06:00:00,17.45,Thermal
2021-07-16 06:00:00,2.62,Wind
2021-07-16 07:00:00,0.64,Geothermal
2021-07-16 07:00:00,7.89,Hydro
2021-07-16 07:00:00,19.33,Thermal
2021-07-16 07:00:00,2.30,Wind
2021-07-16 08:00:00,0.63,Geothermal
2021-07-16 08:00:00,10.07,Hydro
2021-07-16 08:00:00,19.91,Thermal
2021-07-16 08:00:00,2.14,Wind
2021-07-16 09:00:00,0.63,Geothermal
2021-07-16 09:00:00,10.35,Hydro
2021-07-16 09:00:00,20.28,Thermal
2021-07-16 09:00:00,2.14,Wind
2021-07-16 10:00:00,0.63,Geothermal
2021-07-16 10:00:00,9.88,Hydro
2021-07-16 10:00:00,19.78,Thermal
2021-07-16 10:00:00,2.85,Wind
2021-07-16 11:00:00,0.63,Geothermal
2021-07-16 11:00:00,8.82,Hydro
2021-07-16 11:00:00,19.57,Thermal
2021-07-16 11:00:00,3.20,Wind
2021-07-16 12:00:00,0.63,Geothermal
2021-07-16 12:00:00,6.77,Hydro
2021-07-16 12:00:00,19.01,Thermal
2021-07-16 12:00:00,3.24,Wind
2021-07-16 13:00:00,0.63,Geothermal
2021-07-16 13:00:00,5.97,Hydro
2021-07-16 13:00:00,19.27,Thermal
2021-07-16 13:00:00,3.11,Wind
2021-07-16 14:00:00,0.63,Geothermal
2021-07-16 14:00:00,6.66,Hydro
2021-07-16 14:00:00,19.72,Thermal
2021-07-16 14:00:00,3.09,Wind
2021-07-16 15:00:00,0.63,Geothermal
2021-07-16 15:00:00,6.64,Hydro
2021-07-16 15:00:00,20.07,Thermal
2021-07-16 15:00:00,3.57,Wind
2021-07-16 16:00:00,0.63,Geothermal
2021-07-16 16:00:00,6.96,Hydro
2021-07-16 16:00:00,19.98,Thermal
2021-07-16 16:00:00,4.22,Wind
2021-07-16 17:00:00,0.64,Geothermal
2021-07-16 17:00:00,7.57,Hydro
2021-07-16 17:00:00,20.39,Thermal
2021-07-16 17:00:00,4.09,Wind
2021-07-16 18:00:00,0.64,Geothermal
2021-07-16 18:00:00,8.00,Hydro
2021-07-16 18:00:00,20.50,Thermal
2021-07-16 18:00:00,3.73,Wind
2021-07-16 19:00:00,0.64,Geothermal
2021-07-16 19:00:00,8.99,Hydro
2021-07-16 19:00:00,20.80,Thermal
2021-07-16 19:00:00,3.20,Wind
2021-07-16 20:00:00,0.64,Geothermal
2021-07-16 20:00:00,8.73,Hydro
2021-07-16 20:00:00,20.84,Thermal
2021-07-16 20:00:00,2.62,Wind
2021-07-16 21:00:00,0.64,Geothermal
2021-07-16 21:00:00,8.20,Hydro
2021-07-16 21:00:00,20.68,Thermal
2021-07-16 21:00:00,2.19,Wind
2021-07-16 22:00:00,0.64,Geothermal
2021-07-16 22:00:00,6.51,Hydro
2021-07-16 22:00:00,19.69,Thermal
2021-07-16 22:00:00,1.79,Wind
2021-07-16 23:00:00,0.64,Geothermal
2021-07-16 23:00:00,5.73,Hydro
2021-07-16 23:00:00,18.40,Thermal
2021-07-16 23:00:00,1.61,Wind
2021-07-17 00:00:00,0.64,Geothermal
2021-07-17 00:00:00,7.00,Hydro
2021-07-17 00:00:00,16.12,Thermal
2021-07-17 00:00:00,1.52,Wind
2021-07-17 01:00:00,0.64,Geothermal
2021-07-17 01:00:00,5.97,Hydro
2021-07-17 01:00:00,15.70,Thermal
2021-07-17 01:00:00,1.34,Wind
2021-07-17 02:00:00,0.64,Geothermal
2021-07-17 02:00:00,5.56,Hydro
2021-07-17 02:00:00,14.84,Thermal
2021-07-17 02:00:00,1.30,Wind
2021-07-17 03:00:00,0.64,Geothermal
2021-07-17 03:00:00,4.86,Hydro
2021-07-17 03:00:00,14.04,Thermal
2021-07-17 03:00:00,1.27,Wind
2021-07-17 04:00:00,0.64,Geothermal
2021-07-17 04:00:00,4.77,Hydro
2021-07-17 04:00:00,14.14,Thermal
2021-07-17 04:00:00,1.17,Wind
2021-07-17 05:00:00,0.64,Geothermal
2021-07-17 05:00:00,4.79,Hydro
2021-07-17 05:00:00,14.32,Thermal
2021-07-17 05:00:00,1.06,Wind
2021-07-17 06:00:00,0.64,Geothermal
2021-07-17 06:00:00,5.92,Hydro
2021-07-17 06:00:00,13.79,Thermal
2021-07-17 06:00:00,1.05,Wind
2021-07-17 07:00:00,0.64,Geothermal
2021-07-17 07:00:00,6.42,Hydro
2021-07-17 07:00:00,14.39,Thermal
2021-07-17 07:00:00,0.99,Wind
2021-07-17 08:00:00,0.64,Geothermal
2021-07-17 08:00:00,7.31,Hydro
2021-07-17 08:00:00,14.37,Thermal
2021-07-17 08:00:00,0.94,Wind
2021-07-17 09:00:00,0.64,Geothermal
2021-07-17 09:00:00,7.31,Hydro
2021-07-17 09:00:00,14.40,Thermal
2021-07-17 09:00:00,1.10,Wind
2021-07-17 10:00:00,0.64,Geothermal
2021-07-17 10:00:00,6.89,Hydro
2021-07-17 10:00:00,14.25,Thermal
2021-07-17 10:00:00,1.42,Wind
2021-07-17 11:00:00,0.64,Geothermal
2021-07-17 11:00:00,6.34,Hydro
2021-07-17 11:00:00,13.72,Thermal
2021-07-17 11:00:00,1.94,Wind
2021-07-17 12:00:00,0.64,Geothermal
2021-07-17 12:00:00,5.13,Hydro
2021-07-17 12:00:00,13.47,Thermal
2021-07-17 12:00:00,1.94,Wind
2021-07-17 13:00:00,0.63,Geothermal
2021-07-17 13:00:00,4.76,Hydro
2021-07-17 13:00:00,12.76,Thermal
2021-07-17 13:00:00,2.19,Wind
2021-07-17 14:00:00,0.63,Geothermal
2021-07-17 14:00:00,4.75,Hydro
2021-07-17 14:00:00,12.20,Thermal
2021-07-17 14:00:00,2.35,Wind
2021-07-17 15:00:00,0.63,Geothermal
2021-07-17 15:00:00,4.92,Hydro
2021-07-17 15:00:00,11.96,Thermal
2021-07-17 15:00:00,2.56,Wind
2021-07-17 16:00:00,0.63,Geothermal
2021-07-17 16:00:00,5.29,Hydro
2021-07-17 16:00:00,12.43,Thermal
2021-07-17 16:00:00,2.73,Wind
2021-07-17 17:00:00,0.63,Geothermal
2021-07-17 17:00:00,6.37,Hydro
2021-07-17 17:00:00,13.51,Thermal
2021-07-17 17:00:00,2.53,Wind
2021-07-17 18:00:00,0.63,Geothermal
2021-07-17 18:00:00,6.97,Hydro
2021-07-17 18:00:00,14.72,Thermal
2021-07-17 18:00:00,2.45,Wind
2021-07-17 19:00:00,0.63,Geothermal
2021-07-17 19:00:00,7.74,Hydro
2021-07-17 19:00:00,15.85,Thermal
2021-07-17 19:00:00,2.10,Wind
2021-07-17 20:00:00,0.63,Geothermal
2021-07-17 20:00:00,8.18,Hydro
2021-07-17 20:00:00,16.18,Thermal
2021-07-17 20:00:00,1.78,Wind
2021-07-17 21:00:00,0.63,Geothermal
2021-07-17 21:00:00,8.15,Hydro
2021-07-17 21:00:00,16.09,Thermal
2021-07-17 21:00:00,1.84,Wind
2021-07-17 22:00:00,0.63,Geothermal
2021-07-17 22:00:00,6.78,Hydro
2021-07-17 22:00:00,15.79,Thermal
2021-07-17 22:00:00,1.89,Wind
2021-07-17 23:00:00,0.63,Geothermal
2021-07-17 23:00:00,6.01,Hydro
2021-07-17 23:00:00,14.48,Thermal
2021-07-17 23:00:00,1.75,Wind
2021-07-18 00:00:00,0.64,Geothermal
2021-07-18 00:00:00,6.93,Hydro
2021-07-18 00:00:00,13.58,Thermal
2021-07-18 00:00:00,1.68,Wind
2021-07-18 01:00:00,0.64,Geothermal
2021-07-18 01:00:00,5.51,Hydro
2021-07-18 01:00:00,13.46,Thermal
2021-07-18 01:00:00,1.81,Wind
2021-07-18 02:00:00,0.64,Geothermal
2021-07-18 02:00:00,5.01,Hydro
2021-07-18 02:00:00,12.95,Thermal
2021-07-18 02:00:00,1.87,Wind
2021-07-18 03:00:00,0.64,Geothermal
2021-07-18 03:00:00,4.86,Hydro
2021-07-18 03:00:00,10.92,Thermal
2021-07-18 03:00:00,2.09,Wind
2021-07-18 04:00:00,0.64,Geothermal
2021-07-18 04:00:00,4.69,Hydro
2021-07-18 04:00:00,9.91,Thermal
2021-07-18 04:00:00,2.42,Wind
2021-07-18 05:00:00,0.64,Geothermal
2021-07-18 05:00:00,4.70,Hydro
2021-07-18 05:00:00,9.41,Thermal
2021-07-18 05:00:00,2.46,Wind
2021-07-18 06:00:00,0.64,Geothermal
2021-07-18 06:00:00,5.02,Hydro
2021-07-18 06:00:00,8.81,Thermal
2021-07-18 06:00:00,2.61,Wind
2021-07-18 07:00:00,0.64,Geothermal
2021-07-18 07:00:00,5.01,Hydro
2021-07-18 07:00:00,9.06,Thermal
2021-07-18 07:00:00,2.53,Wind
2021-07-18 08:00:00,0.64,Geothermal
2021-07-18 08:00:00,5.38,Hydro
2021-07-18 08:00:00,8.88,Thermal
2021-07-18 08:00:00,2.40,Wind
2021-07-18 09:00:00,0.63,Geothermal
2021-07-18 09:00:00,5.87,Hydro
2021-07-18 09:00:00,8.92,Thermal
2021-07-18 09:00:00,2.48,Wind
2021-07-18 10:00:00,0.63,Geothermal
2021-07-18 10:00:00,6.00,Hydro
2021-07-18 10:00:00,8.79,Thermal
2021-07-18 10:00:00,2.92,Wind
2021-07-18 11:00:00,0.63,Geothermal
2021-07-18 11:00:00,5.52,Hydro
2021-07-18 11:00:00,8.14,Thermal
2021-07-18 11:00:00,3.46,Wind
2021-07-18 12:00:00,0.63,Geothermal
2021-07-18 12:00:00,4.97,Hydro
2021-07-18 12:00:00,7.93,Thermal
2021-07-18 12:00:00,3.63,Wind
2021-07-18 13:00:00,0.63,Geothermal
2021-07-18 13:00:00,4.45,Hydro
2021-07-18 13:00:00,7.17,Thermal
2021-07-18 13:00:00,4.03,Wind
2021-07-18 14:00:00,0.63,Geothermal
2021-07-18 14:00:00,4.38,Hydro
2021-07-18 14:00:00,7.52,Thermal
2021-07-18 14:00:00,4.27,Wind
2021-07-18 15:00:00,0.63,Geothermal
2021-07-18 15:00:00,4.20,Hydro
2021-07-18 15:00:00,8.07,Thermal
2021-07-18 15:00:00,4.15,Wind
2021-07-18 16:00:00,0.63,Geothermal
2021-07-18 16:00:00,4.68,Hydro
2021-07-18 16:00:00,9.02,Thermal
2021-07-18 16:00:00,3.73,Wind
2021-07-18 17:00:00,0.62,Geothermal
2021-07-18 17:00:00,6.10,Hydro
2021-07-18 17:00:00,9.30,Thermal
2021-07-18 17:00:00,3.35,Wind
2021-07-18 18:00:00,0.62,Geothermal
2021-07-18 18:00:00,6.17,Hydro
2021-07-18 18:00:00,11.07,Thermal
2021-07-18 18:00:00,2.94,Wind
2021-07-18 19:00:00,0.62,Geothermal
2021-07-18 19:00:00,7.54,Hydro
2021-07-18 19:00:00,13.32,Thermal
2021-07-18 19:00:00,2.40,Wind
2021-07-18 20:00:00,0.62,Geothermal
2021-07-18 20:00:00,8.12,Hydro
2021-07-18 20:00:00,14.56,Thermal
2021-07-18 20:00:00,2.01,Wind
2021-07-18 21:00:00,0.63,Geothermal
2021-07-18 21:00:00,8.91,Hydro
2021-07-18 21:00:00,14.96,Thermal
2021-07-18 21:00:00,1.88,Wind
2021-07-18 22:00:00,0.63,Geothermal
2021-07-18 22:00:00,7.81,Hydro
2021-07-18 22:00:00,14.91,Thermal
2021-07-18 22:00:00,1.99,Wind
2021-07-18 23:00:00,0.63,Geothermal
2021-07-18 23:00:00,6.24,Hydro
2021-07-18 23:00:00,14.26,Thermal
2021-07-18 23:00:00,1.91,Wind
